name,url,auther,publisher,date,price,rate,rates_num,comments
追风筝的人,https://book.douban.com/subject/1770782/,[美] 卡勒德·胡赛尼,上海人民出版社,2006-5,29.00元,['8.9'],564752,为你，千千万万遍
解忧杂货店,https://book.douban.com/subject/25862578/,[日] 东野圭吾,南海出版公司,2014-5,39.50元,['8.5'],563252,一碗精心熬制的东野牌鸡汤，拒绝很难
小王子,https://book.douban.com/subject/1084336/,[法] 圣埃克苏佩里,人民文学出版社,2003-8,22.00元,['9.0'],486513,献给长成了大人的孩子们
白夜行,https://book.douban.com/subject/3259440/,[日] 东野圭吾,南海出版公司,2008-9,29.80元,['9.1'],421432,暗夜独行的残破灵魂，爱与恶本就难分难舍
活着,https://book.douban.com/subject/4913064/,余华,作家出版社,2012-8-1,20.00元,['9.4'],367023,生的苦难与伟大
嫌疑人X的献身,https://book.douban.com/subject/3211779/,[日] 东野圭吾,南海出版公司,2008-9,28.00,['8.9'],351904,数学好是一种极致的浪漫
三体,https://book.douban.com/subject/2567698/,刘慈欣,重庆出版社,2008-1,23.00,['8.8'],335245,你我不过都是虫子
围城,https://book.douban.com/subject/1008145/,钱锺书,人民文学出版社,1991-2,19.00,['8.9'],328328,对于“人艰不拆”四个字最彻底的违抗
挪威的森林,https://book.douban.com/subject/1046265/,[日] 村上春树,上海译文出版社,2001-2,18.80元,['8.0'],299019,村上之发轫，多少人的青春启蒙
红楼梦,https://book.douban.com/subject/1007305/,[清] 曹雪芹 著,人民文学出版社,1996-12,59.70元,['9.6'],238455,谁解其中味？
百年孤独,https://book.douban.com/subject/6082808/,[哥伦比亚] 加西亚·马尔克斯,南海出版公司,2011-6,39.50元,['9.2'],244750,尼采所谓的永劫复归，一场无始无终的梦魇
看见,https://book.douban.com/subject/20427187/,柴静,广西师范大学出版社,2013-1-1,39.80元,['8.8'],239662,在这里看见中国
平凡的世界（全三部）,https://book.douban.com/subject/1200840/,路遥,人民文学出版社,2005-1,64.00元,['9.0'],213436,中国当代城乡生活全景
三体Ⅱ,https://book.douban.com/subject/3066477/,刘慈欣,重庆出版社,2008-5,32.00,['9.3'],199659,无边的黑暗森林，比第一部更为恢弘壮丽
三体Ⅲ,https://book.douban.com/subject/5363767/,刘慈欣,重庆出版社,2010-11,38.00元,['9.2'],193869,终章，何去何从
我们仨,https://book.douban.com/subject/1023045/,杨绛,生活·读书·新知三联书店,2003-7,18.80元,['8.7'],201116,平淡，坚忍，温情
天才在左 疯子在右,https://book.douban.com/subject/4242172/,高铭,武汉大学出版社,2010-2,29.80元,['8.1'],209071,简称“疯癫与文明”
达·芬奇密码,https://book.douban.com/subject/1040771/,[美] 丹·布朗,上海人民出版社,2004-2,28.00元,['8.2'],196085,一切畅销的因素都有了
不能承受的生命之轻,https://book.douban.com/subject/1017143/,[捷克] 米兰·昆德拉,上海译文出版社,2003-7,23.00元,['8.5'],190888,朝向媚俗的一次伟大的进军
撒哈拉的故事,https://book.douban.com/subject/1361264/,三毛,皇冠出版社,1976,160 TWD,['9.0'],165737,关于漂泊的一切
明朝那些事儿（壹）,https://book.douban.com/subject/1873231/,当年明月,中国友谊出版公司,2006-9,24.80,['8.7'],169121,历史本就是一件件“事儿”拼成的
哈利·波特与魔法石,https://book.douban.com/subject/1041007/,[英] J. K. 罗琳,人民文学出版社,2000-9,19.50元,['9.1'],158068,羽加迪姆勒维奥萨！
许三观卖血记,https://book.douban.com/subject/1029791/,余华,南海出版公司,1998-9,16.80元,['8.8'],160749,余华的悲凉，都在那一碗炒猪肝里了
简爱（英文全本）,https://book.douban.com/subject/1141406/,[英] 夏洛蒂·勃朗特,世界图书出版公司,2003-11,18.00元,['8.5'],171078,灰姑娘在十九世纪
傲慢与偏见,https://book.douban.com/subject/1083428/,[英] 奥斯丁,人民文学出版社,1993-7,13.00元,['8.8'],162605,所有现代言情小说的母体
恶意,https://book.douban.com/subject/3646172/,[日] 东野圭吾,南海出版公司,2009-6,18.00,['8.4'],166942,无缘由的恨，冰冷彻骨
目送,https://book.douban.com/subject/3995526/,龙应台,生活·读书·新知三联书店,2009-10,39.00元,['8.6'],164546,不必追
人间失格,https://book.douban.com/subject/4011670/,太宰治,吉林出版集团有限责任公司,2009-9,16.00元,['8.3'],161919,令人无从怜悯的绝望
边城,https://book.douban.com/subject/1057244/,沈从文,北岳文艺出版社,2002-4,12.00元,['8.6'],153787,如水一般的忧愁与怅惘
霍乱时期的爱情,https://book.douban.com/subject/10594787/,[哥伦比亚] 加西亚·马尔克斯,南海出版公司,2012-9-1,39.50元,['9.0'],145338,义无反顾地直达爱情的核心
飘,https://book.douban.com/subject/1068920/,[美国] 玛格丽特·米切尔,译林出版社,2000-9,40.00元,['9.3'],133819,革命时期的爱情，随风而逝
盗墓笔记,https://book.douban.com/subject/1948901/,南派三叔,中国友谊出版公司,2007-1,26.80元,['8.3'],146679,想象奇诡的大型RPG游戏
窗边的小豆豆,https://book.douban.com/subject/1007914/,[日] 黑柳彻子 著,南海出版公司,2003-1,20.00元,['8.7'],131933,真正懂孩子的教育经
倾城之恋,https://book.douban.com/subject/1090043/,花城出版社,花城出版社,1997-3-1,11.00,['8.5'],138454,一段姻缘，需要一座城的倾覆来成全
房思琪的初恋乐园,https://book.douban.com/subject/27614904/,林奕含,北京联合出版公司,2018-1,45.00元,['9.2'],123786,以血书写的文学
老人与海,https://book.douban.com/subject/1064275/,海明威,上海译文出版社,1999-10,8.20元,['8.4'],134588,正是悲壮赋予生活以意义
狼图腾,https://book.douban.com/subject/1022060/,姜戎,长江文艺出版社,2004-4,32.00元,['8.2'],136759,我们都是 狼的传人？
哈利·波特与阿兹卡班的囚徒,https://book.douban.com/subject/1071241/,[英] J. K. 罗琳,人民文学出版社,2000-9,26.50元,['9.0'],123736,小天狼星布莱克
鲁滨逊漂流记,https://book.douban.com/subject/1016003/,[英] 笛福,广西民族出版社,2002-1,9.20元,['8.1'],135721,最早的荒野求生
哈利·波特与火焰杯,https://book.douban.com/subject/1009257/,[英] J. K. 罗琳,人民文学出版社,2001-5,39.80元,['9.0'],118312,整个系列的分水岭，暗色渐浓
万历十五年,https://book.douban.com/subject/1041482/,[美] 黄仁宇,生活·读书·新知三联书店,1997-5,18.00元,['8.9'],121230,见微知著，历史观的颠覆
穆斯林的葬礼,https://book.douban.com/subject/1082334/,霍达,北京十月文艺出版社,1988-12-1,32.00,['8.1'],132285,时代烙印鲜明的民族史诗
哈利·波特与密室,https://book.douban.com/subject/1039487/,[英] J. K. 罗琳,人民文学出版社,2000-9,22.00元,['8.9'],118606,渐入佳境，魔法世界全貌初现
1984,https://book.douban.com/subject/4820710/,[英] 乔治·奥威尔,北京十月文艺出版社,2010-4-1,28.00,['9.3'],114204,栗树荫下，我出卖你，你出卖我
骆驼祥子,https://book.douban.com/subject/1043815/,老舍,人民文学出版社,2000-3-1,12.00,['8.4'],124016,如骆驼喘息般深刻的绝望
送你一颗子弹,https://book.douban.com/subject/4238362/,刘瑜,上海三联书店,2010-1,25.00元,['8.6'],119010,犀利又温柔，穿过胸口隐隐作痛
情人,https://book.douban.com/subject/1400705/,[法] 玛格丽特·杜拉斯,上海译文出版社,2005-7,20.00元,['8.1'],126391,我已经老了，你呢？
月亮与六便士,https://book.douban.com/subject/26954760/,[英] 威廉·萨默塞特·毛姆,浙江文艺出版社,2017-1-1,39.80元,['8.8'],113438,满地都是六便士，他却抬头看见了月亮
人类简史,https://book.douban.com/subject/25985021/,[以色列] 尤瓦尔·赫拉利,中信出版社,2014-11,CNY 68.00,['9.1'],106425,跟着人类一同走过十万年
黄金时代,https://book.douban.com/subject/1089243/,王小波,花城出版社,1999-3,19.00元,['8.8'],108889,能把性爱写得如此坦荡的，大概只有王二了
三国演义（全二册）,https://book.douban.com/subject/1019568/,[明] 罗贯中,人民文学出版社,1998-05,39.50元,['9.2'],102187,是非成败转头空
哈利·波特与混血王子,https://book.douban.com/subject/1432596/,[英] J. K. 罗琳,人民文学出版社,2005-10,58.00元,['8.8'],103235,感情线纷乱的一部。再见邓布利多
牧羊少年奇幻之旅,https://book.douban.com/subject/3608208/,[巴西] 保罗·柯艾略,南海出版公司,2009-3-1,25.00元,['8.6'],104767,你自己就是最大的宝藏
哈利·波特与凤凰社,https://book.douban.com/subject/1013129/,[英] J. K. 罗琳,人民文学出版社,2003-9,59.00元,['8.7'],99729,暴脾气的哈利
悟空传,https://book.douban.com/subject/1003000/,今何在,光明日报出版社,2001-4,14.80元,['8.3'],106996,猴子还是那个猴子，世界早已不是原来的世界
局外人,https://book.douban.com/subject/4908885/,[法] 阿尔贝·加缪,上海译文出版社,2010-8,22.00元,['9.0'],97167,人生在世，永远也不该演戏作假
1Q84 BOOK 1,https://book.douban.com/subject/4742918/,[日] 村上春树,南海出版公司,2010-5,36.00元,['8.3'],106048,村上的野望，欢迎来到1Q84年
哈利·波特与死亡圣器,https://book.douban.com/subject/2295163/,[英] J. K. 罗琳,人民文学出版社,2007-10,66.00元,['9.0'],93920,中国乡村史诗
白鹿原,https://book.douban.com/subject/1085799/,陈忠实,人民文学出版社,1997-12,28.00元,['8.7'],94920,最平易近人的哲学入门
苏菲的世界,https://book.douban.com/subject/1045818/,（挪威）乔斯坦·贾德,作家出版社,1999-04,26.80元,['8.5'],99256,莉迪亚死了，可他们还不知道
无声告白,https://book.douban.com/subject/26382433/,[美] 伍绮诗,江苏凤凰文艺出版社,2015-7,35.00元,['8.2'],102103,两条平行线相遇的可能
向左走·向右走,https://book.douban.com/subject/1066462/,幾米,生活·读书·新知三联书店,2002-8,16.00元,['8.4'],98937,“有情皆孽，无人不冤”
天龙八部,https://book.douban.com/subject/1255625/,金庸,生活.读书.新知三联书店,1994-5,96.0,['9.1'],89194,妓女应当拥有爱情吗？
茶花女,https://book.douban.com/subject/1013380/,小仲马,外国文学出版社,1997-3,9.00元,['8.2'],97812,梦，就像黛西家的那一缕绿光
了不起的盖茨比,https://book.douban.com/subject/1008988/,菲茨杰拉德,人民文学出版社,2004-06,12.00元,['8.4'],95242,完美的复仇，金庸用法语写作应该就是这样
基督山伯爵,https://book.douban.com/subject/1085860/,大仲马,上海译文出版社,1991-12-1,43.90元,['9.0'],87118,暗恋的极致
一个陌生女人的来信,https://book.douban.com/subject/2154960/,[奥] 斯台芬·茨威格,上海译文出版社,2007-7,20.00元,['8.7'],91005,近乎暴虐的爱与恨，中文译名后无来者
呼啸山庄,https://book.douban.com/subject/1119522/,（英）勃朗特,人民文学出版社,1999-01-01,27.30元,['8.4'],93550,龙应台母子对话，两代人的思想碰撞
亲爱的安德烈,https://book.douban.com/subject/3369793/,龙应台,人民文学出版社,2008-12,26.00,['8.6'],91819,沉默是沉默者的通行证
沉默的大多数,https://book.douban.com/subject/1054685/,王小波,中国青年出版社,1997-10,27.00元,['9.1'],82988,童谣杀人案
无人生还,https://book.douban.com/subject/3006581/,[英] 阿加莎・克里斯蒂,人民文学出版社,2008-3,19.00,['8.9'],81920,谋杀诡计惊人，波洛的抉择耐人寻味
东方快车谋杀案,https://book.douban.com/subject/1827374/,[英] 阿加莎·克里斯蒂,人民文学出版社,2006-5,18.00元,['9.0'],80449,侦探小说鼻祖
福尔摩斯探案全集（上中下）,https://book.douban.com/subject/1040211/,[英] 阿·柯南道尔,1981-8,53.00元,68.00元,['9.2'],77790,唯有希望与爱可以驱散阴霾
灿烂千阳,https://book.douban.com/subject/2143732/,[美] 卡勒德·胡赛尼,上海人民出版社,2007-9,28.00元,['8.8'],81736,武侠的壳，政治斗争的核
巴黎圣母院,https://book.douban.com/subject/1024197/,[法]雨果,人民文学出版社,1982-6,22.50元,['8.4'],82787,潜藏于残缺下的美与崇高
莲花,https://book.douban.com/subject/1529893/,安妮宝贝,作家出版社,2006-3,25.00元,['8.0'],88737,三个生命的交逢，灵魅清冷
我不喜欢这世界，我只喜欢你,https://book.douban.com/subject/26414020/,乔一,湖南少年儿童出版社,2015-5-1,29.80元,['8.0'],83444,一想到能和你共度余生，我就对余生充满期待
海边的卡夫卡,https://book.douban.com/subject/1059419/,[日] 村上春树,上海译文出版社,2003-4,25.00元,['8.1'],85476,背负诅咒的少年，平行世界中的奥德赛
城南旧事,https://book.douban.com/subject/1254588/,林海音 文,中国青年出版社,2003-7,16.00元,['9.0'],76055,长亭外，古道边，芳草碧连天
兄弟（上）,https://book.douban.com/subject/1401425/,余华,上海文艺出版社,2005-8,16.00元,['8.3'],81131,历史苦难中的个人灾变
呐喊,https://book.douban.com/subject/1449351/,鲁迅,人民文学出版社,1973年3月,0.36元,['8.9'],74182,新文学的第一声呐喊
情书,https://book.douban.com/subject/1080370/,[日] 岩井俊二,天津人民出版社,2004-7,18.00元,['8.6'],77348,一场误会中的两段爱情，东方式的含蓄隐忍
肖申克的救赎,https://book.douban.com/subject/1829226/,[美] 斯蒂芬·金,人民文学出版社,2006-7,29.90元,['9.1'],71946,希望让人自由，电影实在太有名
羊脂球,https://book.douban.com/subject/1205370/,（法）莫泊桑,北京燕山出版社,2007-6,13.50元,['8.1'],80578,资产阶级的道貌岸然
乌合之众,https://book.douban.com/subject/1012611/,（法）勒庞,中央编译出版社,2011-5-1,16.00元,['8.2'],81729,群氓心理剖析
动物农场,https://book.douban.com/subject/2035179/,[英] 乔治·奥威尔,上海译文出版社,2007-3,10.00元,['9.2'],70832,太阳底下并无新事
安徒生童话故事集,https://book.douban.com/subject/1046209/,（丹麦）安徒生,人民文学出版社,1997-08,25.00元,['9.2'],69867,远不是童话那么简单
神雕侠侣,https://book.douban.com/subject/1255624/,金庸,生活·读书·新知三联书店,1994-5,76.80元,['8.9'],71113,至情至性，情大于武
少有人走的路,https://book.douban.com/subject/1775691/,[美] M·斯科特·派克,吉林文史出版社,2007-1,26.00元,['8.4'],76016,成熟的心智通向更完善的自我
爱你就像爱生命,https://book.douban.com/subject/3071717/,王小波,上海锦绣文章出版社,2008-5,18.00元,['8.8'],71489,王小波与李银河的两地书
红玫瑰与白玫瑰,https://book.douban.com/subject/1014278/,张爱玲,花城出版社,1996-06,12.80元,['8.4'],72408,蚊子血还是饭黏子？
朝花夕拾,https://book.douban.com/subject/1449352/,鲁迅,人民文学出版社,1972年4月,0.25元,['8.7'],67272,鲁迅的旧事重提
阿Q正传,https://book.douban.com/subject/1088065/,鲁迅 著,上海书店出版社,2003-7,14.50元,['8.7'],65691,哀其不幸，怒其不争
当我谈跑步时我谈些什么,https://book.douban.com/subject/3369600/,[日] 村上春树,南海出版公司,2009-1,25.00,['8.2'],71439,村上同志告诉我们，身体是革命的本钱
海底两万里,https://book.douban.com/subject/1085470/,[法国] 儒尔·凡尔纳,译林出版社,2002-9,19.50元,['8.5'],65384,你听说过鹦鹉螺号吗？
遇见未知的自己,https://book.douban.com/subject/2340100/,张德芬,华夏出版社,2008-1,29.00,['8.0'],70606,都市灵修速成
民主的细节,https://book.douban.com/subject/3813669/,刘瑜,上海三联书店,2009-6,25.00,['8.6'],65861,公民养成手册
梦里花落知多少,https://book.douban.com/subject/2070844/,三毛,北京十月文艺出版社,2007-6,28.00元,['8.8'],63593,哀而不伤
鬼吹灯之精绝古城,https://book.douban.com/subject/1882933/,天下霸唱,安徽文艺出版社,2006,25.00元,['8.1'],67297,盗墓祖师名不虚传
巨人的陨落,https://book.douban.com/subject/26698660/,[英] 肯·福莱特,江苏凤凰文艺出版社,2016-5-1,129.80元,['8.9'],59014,五个家族，一场战争
一只特立独行的猪,https://book.douban.com/subject/1767945/,王小波,北方文艺出版社,2006-4,18.80元,['8.8'],59873,生活就是个缓慢受锤的过程，至少还可以特立独行
半生缘,https://book.douban.com/subject/1963684/,张爱玲,北京十月文艺出版社,2006-12,28.00元,['8.6'],61178,世钧，我们回不去了
华胥引（全二册）,https://book.douban.com/subject/5916880/,唐七公子,现代出版社,2011-1,39.80元,['8.4'],64418,现实不如梦中的圆满
格林童话全集,https://book.douban.com/subject/1043008/,[德国]格林兄弟,人民文学出版社,1994-11,21.45元,['9.0'],57222,许多隐晦
杀死一只知更鸟,https://book.douban.com/subject/6781808/,[美] 哈珀·李,译林出版社,2012-9,32.00元,['9.2'],54825,有一种东西不能遵循从众原则，那就是——人的良心
你今天真好看,https://book.douban.com/subject/26602392/,[美]莉兹•克里莫,天津人民出版社,2015-8,39.00元,['8.6'],58009,呆萌可爱的动物段子手
射雕英雄传（全四册）,https://book.douban.com/subject/1044547/,金庸,生活·读书·新知三联书店,1999-04,47.00元,['9.0'],55157,侠之大者，为国为民
一个人的朝圣,https://book.douban.com/subject/24934182/,[英] 蕾秋·乔伊斯,北京联合出版公司,2013-9-1,32.80,['8.1'],62184,关于爱和信念的旅行
陪安东尼度过漫长岁月,https://book.douban.com/subject/3014576/,安东尼,长江文艺出版社,2008-3,18.00,['8.3'],61557,真正的片段式写作
这些都是你给我的爱,https://book.douban.com/subject/4714734/,文：安东尼,长江文艺出版社,2010-3,24.80元,['8.3'],58465,只言片语的温暖
如何阅读一本书,https://book.douban.com/subject/1013208/,[美] 莫提默·J. 艾德勒,商务印书馆,2004-1,38.00元,['8.4'],56036,读书的方法论
喜宝,https://book.douban.com/subject/2022979/,亦舒,新世界出版社,2007-2,22.00元,['8.0'],59118,爱情才是终极的奢侈品
孩子你慢慢来,https://book.douban.com/subject/4207781/,龙应台,生活·读书·新知三联书店,2009-12-1,28.00元,['8.8'],53077,我们现在怎样做母亲
这些人，那些事,https://book.douban.com/subject/6388661/,吴念真,译林出版社,2011-9,28.00元,['8.8'],52613,平淡叙述下的惊心动魄
麦琪的礼物,https://book.douban.com/subject/1051193/,[美] 欧·亨利,上海社会科学院出版社,2003-7,25.00元,['8.6'],51010,日常的奇迹
流浪地球,https://book.douban.com/subject/3266609/,刘慈欣,湖北长江出版集团，长江文艺出版社,2008-11,28.00元,['8.6'],52060,刘慈欣获中国科幻银河奖的中短篇小说集
查令十字街84号,https://book.douban.com/subject/1316648/,[美] 海莲·汉芙,译林出版社,2005-05-01,18.00元,['8.3'],52922,文艺青年的爱情地标
雷雨,https://book.douban.com/subject/1013416/,曹禺,人民文学出版社,1999-05,9.20,['8.6'],50238,人的心都靠不住，我并不是说人坏，我就是恨人性太弱，太容易变了
西游记（全二册）,https://book.douban.com/subject/1029553/,吴承恩,人民文学出版社,2004-8,47.20元,['8.9'],47590,取经之路就在脚下
水浒传（全二册）,https://book.douban.com/subject/1008357/,[明] 施耐庵,人民文学出版社,1997-1,50.60元,['8.6'],49223,风风火火闯九州
菊与刀,https://book.douban.com/subject/1022238/,（美）鲁思・本尼迪克特,商务印书馆,1990-6,16.00,['8.2'],52771,复杂矛盾的日本民族
刀锋,https://book.douban.com/subject/2035162/,[英]毛姆,上海译文出版社,2007-3,18.00元,['9.0'],46538,一把刀的锋刃不容易越过；因此智者说得救之道是困难的
我与地坛,https://book.douban.com/subject/1209899/,史铁生,春风文艺出版社,2002-5,25.00元,['9.0'],45323,这是你的罪孽与福祉
狂人日记,https://book.douban.com/subject/1398395/,鲁迅,京华出版社,2006-3,39.80元,['8.7'],45994,中国现代文学史上第一篇真正的现代白话小说
最好的我们,https://book.douban.com/subject/24754316/,八月长安,湖南文艺出版社,2013-8-5,55,['8.8'],45940,耿耿余淮
富爸爸，穷爸爸,https://book.douban.com/subject/1033778/,（美）罗伯特・T・清崎,世界图书出版公司,2000-09,18.80,['8.3'],49211,人穷穷观念，人富钱生钱
地下铁,https://book.douban.com/subject/1056733/,幾米,辽宁教育出版社,2002-2,32.00元,['8.3'],49158,黑暗世界中的点滴亮光
步步惊心,https://book.douban.com/subject/1812439/,桐华,民族出版社,2006-6,25.00元,['8.1'],50867,现世太苦，不如穿越回去从头来过
球状闪电,https://book.douban.com/subject/1192090/,刘慈欣,四川科学技术出版社,2005-6,22.00元,['8.7'],45836,量子之外，没有真相
尘埃落定,https://book.douban.com/subject/1080309/,阿来,人民文学出版社,1998-3-1,22.0,['8.5'],46469,一个傻子的土司家族传奇
悲惨世界（上中下）,https://book.douban.com/subject/1205054/,[法] 雨果,人民文学出版社,1992-6,66.00元,['8.9'],42873,现实主义与浪漫主义的至高杰作
那些回不去的年少时光,https://book.douban.com/subject/4231381/,桐华,江苏文艺出版社,2010-01,23.80元,['8.4'],45390,所有你曾热爱却正在遗忘的人和事
孤独六讲,https://book.douban.com/subject/4124727/,蒋勋,广西师范大学出版社,2009-10-1,36.00元,['8.1'],48749,作为一种美学的孤独
呼兰河传,https://book.douban.com/subject/1060852/,萧红,百花文艺出版社,2005-01,19.00,['8.9'],43602,萧红的童年往事
飞鸟集,https://book.douban.com/subject/1058661/,[印] 罗宾德拉纳德·泰戈尔,哈尔滨出版社,2004-6,16.80元,['8.9'],43432,淡泊，超脱
瓦尔登湖,https://book.douban.com/subject/1865089/,[美] 梭罗,上海译文出版社,2006-8,11.00元,['8.4'],46071,另一种生活
月亮忘記了,https://book.douban.com/subject/1358873/,幾米,格林,2000-2-1,NT$ 299,['8.6'],44242,月明星稀的晚上，看不见的，看见了
金锁记,https://book.douban.com/subject/3017857/,张爱玲,哈尔滨出版社,2005-6,13.5元,['8.5'],44261,曹七巧就像希克厉，一个扭曲的英雄
倚天屠龙记(共四册),https://book.douban.com/subject/1070851/,金庸,三联书店,1999-04,47.00,['8.6'],43261,不识张郎是张郎
此间的少年,https://book.douban.com/subject/1020459/,江南,华文出版社,2004-1,25.00元,['8.4'],45483,象牙塔里的金庸群侠
夏洛的网,https://book.douban.com/subject/1036274/,[美] E.B.怀特,上海译文出版社,2004-5,17.00元,['8.6'],43362,猪与蜘蛛
我的天才女友,https://book.douban.com/subject/26878124/,[意] 埃莱娜·费兰特,人民文学出版社,2017-1,42.00元,['8.5'],43048,两个女人，50年的友谊和战争
史蒂夫·乔布斯传,https://book.douban.com/subject/6798611/,[美] 沃尔特·艾萨克森,中信出版社,2011-10-24,68.00元,['8.7'],42061,完美主义者的最高形态
人生,https://book.douban.com/subject/3803820/,路遥,北京十月文艺出版社,2009-5,20.00元,['8.4'],42140,如果你是高加林，你要如何选择？
荆棘鸟,https://book.douban.com/subject/1086249/,[澳] 考琳·麦卡洛,译林出版社,1998-7,28.00元,['8.6'],41813,澳洲乱世情
哭泣的骆驼,https://book.douban.com/subject/1029111/,三毛,哈尔滨出版社,2003-6,15.80元,['8.9'],40077,沙漠中寻常的生与死
时间简史,https://book.douban.com/subject/1034282/,[英] 史蒂芬·霍金,湖南科学技术出版社,2010-4,45.00元,['8.8'],40459,霍金与上帝的战争
鹿鼎记（全五册）,https://book.douban.com/subject/1212893/,金庸,广州出版社 花城出版社,2008-3,108.00元,['8.8'],40472,武侠的解构，流氓的狂欢
海贼王,https://book.douban.com/subject/1474773/,尾田荣一郎,浙江人民美术出版社,2007-11,7.50元,['9.5'],36930,热血，梦想，希望
伊豆的舞女,https://book.douban.com/subject/1005521/,[日] 川端康成,广西师范大学出版社,2002-2,23.80元,['8.2'],43399,静美又残酷，无限柔软的川端
红与黑,https://book.douban.com/subject/1007433/,[法] 司汤达,人民文学出版社,2002,20.00元,['8.2'],43061,阴谋与爱情
一個人住第5年,https://book.douban.com/subject/1346815/,高木直子,大田,2004-12-1,NT$220,['8.4'],40983,独居生活之乐
长恨歌,https://book.douban.com/subject/1082349/,王安忆,南海出版公司,2003-8,22.00元,['8.2'],42308,现代上海史诗
东霓,https://book.douban.com/subject/4874131/,笛安,长江文艺出版社,2010-7-1,26.80元,['8.1'],42855,自毁而偏执的东霓
寻路中国,https://book.douban.com/subject/5414391/,[美] 彼得·海斯勒,上海译文出版社,2011-1,33.00元,['9.0'],37702,中国在路上，非虚构写作所能达到的高度
陆犯焉识,https://book.douban.com/subject/6880158/,严歌苓,作家出版社,2011-10,35.00元,['8.8'],37860,翻手为苍凉，覆手为繁华
你一定爱读的极简欧洲史,https://book.douban.com/subject/5366248/,约翰·赫斯特（John Hirst）,广西师范大学出版社,2011-11-25,25.00元,['8.2'],40969,欧洲，为什么老是抢第一？
常识,https://book.douban.com/subject/3344676/,梁文道,广西师范大学出版社,2009-1,38.00,['8.1'],41458,献给这个常识稀缺的时代
中国历代政治得失,https://book.douban.com/subject/1003479/,钱穆,生活·读书·新知三联书店,2001,12.00元,['9.2'],35721,一部简明的“中国政治制度史”
罗生门,https://book.douban.com/subject/3136271/,[日]芥川龙之介,上海译文出版社,2008-7,12.00元,['8.7'],37957,要么瘦，要么死
自控力,https://book.douban.com/subject/10786473/,[美]  凯利·麦格尼格尔,文化发展出版社(原印刷工业出版社),2012-8,39.80元,['8.2'],39625,在时间的缝隙中穿行，然后相遇
父与子全集,https://book.douban.com/subject/1002898/,[德] 埃·奥·卜劳恩 绘,中国工人出版社,2003-4,20.00元,['9.2'],34330,格里高里清早醒来发现自己变成了甲虫
一千零一夜,https://book.douban.com/subject/1035848/,纳训,人民文学出版社,2003-01,22.0,['8.6'],36660,失恋是一种病，痊愈之后百毒不侵
时间旅行者的妻子,https://book.douban.com/subject/2056749/,[美] 奥德丽·尼芬格,人民文学出版社,2007-4,29.90元,['8.1'],39670,原作名切题
变形记,https://book.douban.com/subject/1213546/,[奥] 卡夫卡,浙江文艺出版社,2003-4,16.00元,['8.4'],37429,一个预言和一个寓言，令人窒息的政治恐怖
项链,https://book.douban.com/subject/1258498/,[法] 莫泊桑,河北教育出版社,2005-2,28.00元,['8.4'],37158,西方世界最持久的人文畅销书
失恋33天,https://book.douban.com/subject/4238754/,鲍鲸鲸,中信出版社,2010-1,25.00元,['8.0'],39870,不悔梦归处 只恨太匆匆
你好，旧时光（上 下）,https://book.douban.com/subject/4166819/,八月长安,新世界出版社,2009-12,39.80元,['8.7'],35600,营销防骗指南
一九八四·动物农场,https://book.douban.com/subject/1082387/,[英] 乔治·奥威尔,上海译文出版社,2003-4,23.00元,['9.3'],33600,窥见美国社会的一扇窗
人性的弱点全集,https://book.douban.com/subject/1056295/,[美] 戴尔·卡耐基,中国发展出版社,2008-1,25.00元,['8.2'],37031,那些年错过的大雨
未来简史,https://book.douban.com/subject/26943161/,[以色列] 尤瓦尔·赫拉利,中信出版集团,2017-2,68.00元,['8.4'],35398,人类面临的新议题
冰与火之歌（卷一）,https://book.douban.com/subject/1336330/,[美] 乔治·R. R. 马丁,重庆出版社,2005-5,68.00元,['9.3'],31513,凛冬将至。无比宏大的世界观
人间词话,https://book.douban.com/subject/1203426/,王国维,上海古籍出版社,1998-12-01,9.80元,['9.0'],32591,定做一个刻着“不过如此”的章，盖在封面上
橙,https://book.douban.com/subject/5327697/,安东尼,长江文艺出版社,2010-10,28.80元,['8.2'],36506,交叉平行蒙太奇
世界尽头与冷酷仙境,https://book.douban.com/subject/1291809/,[日] 村上春树,上海译文出版社,2002-12,23.00元,['8.6'],34420,两代人的成长与救赎
大地之灯,https://book.douban.com/subject/1963310/,七堇年,长江文艺出版社,2007-1,22.00元,['8.2'],36132,外国人的寻路中国
江城,https://book.douban.com/subject/7060185/,[美] 彼得·海斯勒,上海译文出版社,2012-1,36.00元,['9.0'],32089,恋味癖谋杀案
香水,https://book.douban.com/subject/1292416/,[德] 帕·聚斯金德,上海译文出版社,2005-5,20.00元,['8.5'],34082,治愈
新名字的故事,https://book.douban.com/subject/26986954/,[意] 埃莱娜·费兰特,人民文学出版社,2017-4,59.00元,['9.0'],31911,每一座城市都只在想象中耸立，又在描述中坍圮
长安十二时辰 上,https://book.douban.com/subject/26899537/,马伯庸,湖南文艺出版社,2017-1-1,CNY 79.60,['8.4'],35215,反成功学的成功学
雨季不再来,https://book.douban.com/subject/2136140/,三毛,北京十月文艺出版社,2007-7,28.00元,['8.7'],33196,一句胜过千年
面纱,https://book.douban.com/subject/10560798/,(英)W.萨默塞特·毛姆,重庆,2012-05-01,32.00元,['8.7'],32902,科学与宗教的大乱斗
阿狸·梦之城堡,https://book.douban.com/subject/3554154/,hans,上海锦绣文章出版社,2009-1,36.80元,['9.0'],31853,阿婆代表作之一
看不见的城市,https://book.douban.com/subject/1863930/,[意大利]伊塔洛·卡尔维诺,译林出版社,2006-8,16.00元,['8.8'],31963,噩梦中的一丝温度
把时间当作朋友,https://book.douban.com/subject/3609132/,李笑来,电子工业出版社,2009-6,32.00元,['8.4'],33571,灾星下出生的恋人们
一句顶一万句,https://book.douban.com/subject/3633461/,刘震云,长江文艺出版社,2009-3,29.80,['8.7'],32152,木心留给世界的礼物
天使与魔鬼,https://book.douban.com/subject/1228110/,[美] 丹.布朗,人民文学出版社,2005-2,29.80元,['8.2'],33968,抵不过时间
第一炉香,https://book.douban.com/subject/1082162/,张爱玲,花城出版社,1997-3,11.5,['8.4'],32581,并不是一切都消失在了时间的长河里
尼罗河上的惨案,https://book.douban.com/subject/1818347/,[英] 阿加莎·克里斯蒂,人民文学出版社,2006-5,22.00元,['8.7'],31469,林语堂的《红楼梦》
哈姆莱特,https://book.douban.com/subject/1006197/,[英] 莎士比亚,人民文学出版社,2001-1,7.00元,['8.5'],30398,知识分子的命运浮沉
万水千山走遍,https://book.douban.com/subject/1036490/,三毛,哈尔滨出版社,2003-08,13.80,['8.8'],28988,你们不会彼此遗忘。只会彼此消失
海子的诗,https://book.douban.com/subject/1011754/,海子,人民文学出版社,1999-04,15.40,['8.9'],28629,活过，爱过，写过
芳华,https://book.douban.com/subject/27010212/,严歌苓,人民文学出版社,2017-4-1,39.00元,['8.1'],31369,这是一个最好的时代，也是一个最坏的时代
往事并不如烟,https://book.douban.com/subject/1059336/,章诒和,人民文学出版社,2004-1,35.00元,['8.6'],29083,别被封面骗了
教父,https://book.douban.com/subject/1092335/,[美]马里奥·普佐,译林出版社,1997-8,23.30元,['9.0'],27436,中国人你为什么不生气？
雾都孤儿,https://book.douban.com/subject/1203251/,[英]狄更斯,上海译文出版社,1991-7,10.10元,['8.1'],30624,乱世的英雄史诗
蔷薇岛屿,https://book.douban.com/subject/1063190/,安妮宝贝,作家出版社,2002-8,18.00元,['8.0'],31536,此处的生活唯有残酷
娱乐至死,https://book.douban.com/subject/1062193/,[美] 尼尔·波兹曼,广西师范大学出版社,2011-6,29.80元,['8.5'],29195,日常生活的无限可能性
新参者,https://book.douban.com/subject/6746289/,[日] 东野圭吾,南海出版公司,2011-9,28.00元,['8.4'],29704,镇上有两个哑巴，他们总是在一起。
我的精神家园,https://book.douban.com/subject/1014578/,王小波,文化艺术出版社,1997,18.80元,['9.1'],26800,一桩占星术连续杀人案件
我执,https://book.douban.com/subject/3642673/,梁文道,广西师范大学出版社,2010-10,35.00元,['8.0'],28757,梁文道的私密日记
子不语1,https://book.douban.com/subject/4188697/,夏达,新世纪出版社,2009-12,RMB36.00,['9.0'],24422,不能说偷，是窃，窃你懂吗
枪炮、病菌与钢铁,https://book.douban.com/subject/1813841/,[美] 贾雷德·戴蒙德,上海世纪出版集团,2006-4-1,45.00元,['8.8'],25230,深入村上春树的心灵腹地
白银时代,https://book.douban.com/subject/1082150/,王小波,花城出版社,1997-5,10.00元,['8.4'],26257,嬉笑怒骂的常识分子
红拂夜奔,https://book.douban.com/subject/1418686/,王小波,江苏文艺出版社,2005-1,28.00元,['8.7'],25367,了解IT领域的入门读物
