,text
0,回复@人民日报:谢谢你美丽的小姐姐
1,围观的在哪里
2,6了6了！我的大中国👏
3,真牛
4,回复@反贪总局局长侯亮平:这是骗回复的
5,发动机是国产的吗？得瑟个啥玩意呢？
6,不错
7,回复@空城茶馆:别人不卖给你就不卖呗，哪有为什么？这种事又不是没发生过。
8,回复@丶月满西楼丶柒:为什么不卖啊？
9,回复@空城茶馆:万一哪天别人不卖了呢？
10,回复@丶月满西楼丶柒:不能买波音的，空客的？现在不都是这两家的嘛
11,回复@反贪总局局长侯亮平:侯亮平是你这种货色?exm搞笑
12,我想问下570架的去向？我好列个黑名单
13,回复@空城茶馆:因为只有自己会了才是最靠得住的。
14,命名规则能说下吗？
15,国产大机都起飞了，我们有什么理由不努力
16,为什么要自己造大飞机？
17,那些说什么再造出个什么什么再嘚瑟的人，说得就好像他自己分分钟能造出个航母一样。你咋不上天呢？
18,回复@反贪总局局长侯亮平:就嘚瑟！怎么了？
19,一个飞机本不必要花费太多钱，然而中国的研制体系，导致研究所与总装，及使用部门都想为自己捞油水，为自己的私营企业朋友整点项目赚钱。如果正儿八经的研制，估计多钱所谓的民营企业和国企部门被废。
20,回复@吓死本大帅了:长江1000是为arj 研发的，长江2000才算
21,回复@反贪总局局长侯亮平:目前外界普遍表示遗憾的是，C919没有搭载国产航空发动机，仍是采用进口产品。 不过，中航商发已经正在研制型号为CJ-1000A的国产航空发动机，并且取得了不错的进展。
22,回复@阿Q先生:这种人我身边也不少，我总结出来了，这类人通常：EQ低，遇事懒惰怕麻烦、不懂人情世故、喜欢简单直接还略为清高，以为世人皆醉我独醒；喜欢美国影视，绝大部份没出过国，羡慕老美的按章办事、迷信所谓民主。
23,有些人总感觉自己把这个社会看的透透的，众人皆醉我独醒。结果呢？有事了还得找警察，生病了还得上医院，在外国出事了还找大使馆！有意思吗？我们的国家正在慢慢成长，坏人奸商贪官哪个朝代，哪个国家都有，不要把自己的国家想的那么坏！中国会越来越好的👍
24,看到评论说A380，正好前两天去参观了airbus，生产一架飞机，要法国 德国 西班牙 英国好几个国家合作。现在有些人自动就把欧洲这么多国家的共同努力合并成一个国家的成果了是吧？ 再说国内现在一起步就得碾压欧美几十年发展经验，各种技术全get？你那么能咋不上天呢！不要太双标厚 呵呵
25,一点成就就小吹
26,
27,回复@人民日报:OK👌
28,时间调整到下午2点，搬好小板凳
29,回复@人民日报:在这里
30,回复@反贪总局局长侯亮平:有能耐你自己造一个啊
31,回复@SNH48-张雅梦:捕获野生学姐一只
32,云南人民发来贺电
33,回复@巨蟹座正能量男孩:怎么到处有你这智障在喷啊，所有微博下面都有你
34,什么时候能造出空客A380那种实力再来报道吧，这种小飞机也叫大飞机？而是零部件全是进口的
35,愿咱家的蓝天上全是C919的在飞翔。
36,回复@-徐文武-:长春一个稀烂的地方
37,回复@旧历五月十九:老铁在哪里念书。
38,回复@-徐文武-:厉害了老铁
39,回复@人生就是博赌:你连会员都充不起，装什么逼？
40,回复@克劳德斯特莱夫:发军火一切都不是问题！
41,回复@人生就是博赌:咋了你现在又改变主意不闹革命了？改进演艺圈了？
42,回复@江山葵:别人唱唱歌就能挣个千八百万的搬毛线啊！你喜欢你搬
43,回复@旧历五月十九:是的啊
44,回复@-徐文武-:哦哟 还在我们武汉读书啊
45,转发微博
46,中国又迎来了一个盛世时代
47,诶，这个主持是好男儿里的？
48,回复@旧历五月十九:一样～
49,回复@人生就是博赌:40岁的老人家安心在家钓鱼就好了，别想的太多，还是想想晚上如何满足老婆吧
50,回复@隔壁家的大舅:实干成就梦想
51,加油，会越来越好的
52,回复@巨蟹座正能量男孩:有了就快了，总要迈出第一步
53,这里是不是只准评论，中国好伟大，共产党好伟大，我爱中华人民共和国，我爱中国国产党。这样的话
54,咱们国家是不是越来越德一澳了
55,回复@反贪总局局长侯亮平:手机是你生产的？钱是你印的？为什么是你的
56,只用中国造，祖国加油
57,回复@俊omg:我也没坐过，希望以后可能坐
58,我不信就我一个人没坐过飞机✈️
59,//@中国移动: 厉害了！国产大飞机C919
60,回复@巨蟹座正能量男孩:高楼平地起  打小你都开始喷……
61,回复@人生就是博赌:又在这里装逼了！你工头到处找你，还有两车砖没搬呢
62,回复@靉詡:那我厉害了
63,@阿雅雅雅雅雅2016 型号跟你生日一样
64,回复@标竿369:我说的不是红旗，红旗销量差我也知道，我说的是飞机
65,回复@一百岁的少先队员:报纸都说了，一年卖不出几千辆怎么挣钱。如果你有二十多万是买红旗H7还是合资品牌，靠政府采购能卖多少。
66,回复@SNH48-张雅梦:丫丫
67,回复@人生就是博赌:精神病院欢迎你，老婆都打不过还打一个市，今天的笑点全被你承包了
68,回复@隔壁家的大舅:打下来一个市分一个市，愿意参军的来者不拒
69,起步晚，慢慢来。总比拾人牙慧好很多。加油
70,厉害了，中国
71,回复@吾辈是天然卷:胖妞不是用来rua的，而是为了24小时全天候给予战略支持。
72,回复@田佩良:胖头鱼？rua！
73,回复@反贪总局局长侯亮平:这些一天到晚质问发动机是不是国产的，真的是有病
74,中国商飞国家主权尊严呢？
75,为中国制造加油祝贺！！！[抱抱_旧]
76,直播太卡了
77,预祝由我校99届毕业生蔡俊机长今日下午2点执飞的C919首航成功！C919与半船半机的蛟龙600水陆两用飞机，以及大运胖头鱼运20一起组成我国大飞机三剑客。记住一句话:我们国家的武器在不好也是保护你的，外国的武器在好也是凑你的。喷子们今天就留点口德吧。
78,我还是喜欢尾巴是中国红🇨🇳
79,回复@反贪总局局长侯亮平:国产发动机比这个强多了，找俩喷子绑飞机翅膀上，秒杀通用劳斯莱斯之流
80,回复@标竿369:不是门面，是要打破垄断
81,跟红旗汽车似的，花那么多钱研发，明明是赔钱。非得撑那个门面。
82,回复@人生就是博赌:你有房子路虎吗？你有黄金一船吗？你连微博都不是黄金会员，你连女朋友都姓五，好意思？
83,回复@克劳德斯特莱夫:我那是看得见     摸得着   什么时候都可以  什么时候都可以摸 ！你的套路傻子也骗不到
84,回复@人生就是博赌:那就去做喽，港独只是闹事耍嘴都能拿索罗斯工资，你这大旗亮出，蒂勒森都可能登门送枪，别怕啊，躲微博算什么，鹰酱又看不到，你看门喊一句，说不定美国卫星就能发现你，第二天就空投补给呢。赶紧啊，疆独藏独台独港独可都眼巴巴望穿秋水呢。
85,回复@克劳德斯特莱夫:周围的小伙伴们都催我早点组织队伍，发军火  都盼望着好早点开工呢！这都是看得见  摸的着的实在货啊！还说要提我拉人手等等
86,回复@呵呵呵guy:什么看不上看得上的，中国是全体中国人的，不是看得上看不上的问题。
87,回复@好大一只猴2013:这么看不上中国，还呆着干嘛，有劲吗
88,回复@标竿369:你怎么知道赔钱，你负责哪方面，
89,回复@你家黑猫:大兄弟 后半句别说 那些公知粉美分日杂就喜欢拿这种小部分话扣帽子
90,只要是中国制造，各种质疑，各种喷。不喜欢滚出中国啊
91,回复@混日子的霸天虎:这飞机至少还不算是买的全部，至少还组装了下
92,回复@伪球迷小宇同学:你在偷换概念
93,回复@人生就是博赌:换位思考，如果我许诺成事之后给你黄金万两，房屋千座，你来做我的跟班小弟做吗？人心若可以买，蒋介石那几船黄金会不够？
94,回复@克劳德斯特莱夫:……
95,回复@人民日报:卖片的也向你祝贺了
96,回复@混日子的霸天虎:没有，如果按照他的思路，那买房得瑟啥，买宝马奔驰的得瑟啥。。。
97,回复@呵呵呵guy:国家又不是你一个人的，你叫我移民我就移啊
98,没人看到 主持人 是黑犀侠吗
99,祝贺
100,回复@阿Q先生:一个电动车被偷了，警察来了看了看录像说你以后多在小区转转没准可以碰到小偷。再说看病，看病的时候没付钱吗？付了钱得到的医疗服务要感谢谁？世界廉政排名我们国家在那，一句每个朝代都有就可以糊弄过去吗？你不接受批评那你得到的褒奖就毫无意义。我期待的是一个风景秀丽，食品安全的祖国🙏
101,回复@好大一只猴2013:中国这么不堪，求你移民
102,回复@-徐文武-:是
103,这个必须赞！
104,wx关注财嬷嬷，回复 星巴克，有券领哦
105,回复@反贪总局局长侯亮平:服了，你住的房子是你修的？你开的车是你造的？你的孩子是你接生的？什么都可以喷吗？二货
106,回复@人生就是博赌:莫说一个市，你连一个人都要不来，谁会跟你，凭什么跟你？就因为你空头许诺了一套房子一辆路虎吗？
107,回复@克劳德斯特莱夫:我是打下来一个市分一个市，谁都可以参军来者不拒
108,回复@人民日报:长沙人民代表三湘子弟表示祝贺，厉害了我的国
109,回复@趁早vvv:这尼玛是什么逻辑。。。。和这个事情有关系？
110,回复@伪球迷小宇同学:我拉的屎则不是我吃的，而确实是你吃的
111,好流壁啊！越来越造了我的祖国！
112,回复@人生就是博赌:金钱收买这几千年玩的比你早比你六的多了去了，却没有哪个成功的。哪怕退一步，砸钱你还想和兔子比多吗？莫说你个人，哪怕把美帝家底搬空了你也买不下这14亿。
113,回复@克劳德斯特莱夫:我花大价钱，雇老百姓  打工仔   外国人当兵  国内一线城市分房  分 路虎  还有一笔钱
114,回复@人生就是博赌:哇，6666，这个梦自己还做的香的不得了
115,回复@隔壁家的大舅:不了解你bb啥？我花大价钱雇穷人打工仔当兵不行吗？帮老百姓脱贫致富，国内一线城市分房  分路虎
116,棒
117,回复@kevin-zhuo:中国好！中国强！
118,组装机，好比手机只生产手机外壳
119,不管核心部位是不是国产，只要是中国制造的就算一大步。不过实事求是讲，大家凭良心说话，以后乘坐飞机，如果有两个航班，一个是国产919，一个是波音747，在各种条件都一样的情况下，你们会选哪一个？
120,回复@棱镜折跃门:羡慕 居然看过三体这种巨著
121,回复@城东史泰虎:你看完书再来说话
122,回复@不过是个抖M的诸葛逸涵:请这位仁兄为我们科普一下，到底，有多强？
123,回复@标竿369:不知道红旗汽车多强大的不要瞎bb
124,热烈祝贺C919试飞成功！～今天股市大跌的原因也找到了，飞机尾巴是绿的，这以后商用了，天天都在飞，中国股市就没救了！刘士余正赶往民航局，商议把919尾巴刷成红色！
125,回复@君君Jenny-TST招商会员免费申请:坐标台北桃园，同样在等。
126,为了让你飞，我在机场要等两个小时
127,回复@巨蟹座正能量男孩:什么时候能造出飞机再来这儿喷吧，更何况你身上的零件都是爸妈给的，
128,有无数喷子在来的路上
129,回复@田佩良:好！邀请你去微信公众号
130,回复@棱镜折跃门:主？ 主？！  清朝过了，请把奴性收一收
131,回复@反贪总局局长侯亮平:所以你又在得瑟什么玩意儿？？？
132,回复@早睡早起防抑郁:说的对
133,回复@你家黑猫:没钱出国的才喷
134,回复@反贪总局局长侯亮平:想多了
135,回复@阿Q先生:那些人不用管，只是历史的渣滓。引用三体中的话对攻击国家的人说:主不在乎
136,回复@Eminem帅:小粉红文化水平平均很低，匿名问卷调查过的。
137,回复@路背琴Boogie_Buck:你前面说的是社会底层人物，而后来你说的是文化，程度，概念不同的，底层人物是贫困是受教育少，但不一定就会那么想，而你所说的有程度的人，，，确实是，，但概念不同不可混为一谈的
138,有的人恨不得连 C919 这几个字都得是国产的。你们至于吗？你们有那么爱国吗？
139,面子工程 跟红旗车一个原理
140,回复@路背琴Boogie_Buck:这位来自礼仪之乡的朋友把社会底层人士研究的真是透彻，不愧为男德教育的优秀学子。
141,回复@阿Q先生:越是这些人越是社会底层..
142,回复@一个敷衍家:666
143,⁶⁶⁶     ⁶⁶⁶⁶⁶⁶     ⁶⁶⁶⁶⁶⁶    ⁶⁶⁶⁶⁶⁶     ⁶⁶66⁶⁶⁶⁶     ⁶⁶⁶⁶⁶⁶    ⁶⁶666⁶⁶⁶⁶     ⁶⁶⁶⁶⁶⁶     ⁶⁶⁶⁶⁶⁶6666    ⁶666⁶⁶⁶⁶⁶ 666    ⁶⁶⁶⁶⁶⁶     ⁶⁶⁶⁶⁶⁶    ⁶⁶66⁶⁶⁶⁶     ⁶⁶⁶⁶⁶⁶     ⁶6666⁶⁶    6666666666666666666
144,回复@反贪总局局长侯亮平:波音还用劳斯莱斯的发动机呢 你个zz
145,回复@反贪总局局长侯亮平:美分急了？你喷的厉害就说明国家做的正确
146,回复@反贪总局局长侯亮平:大家别理，想火的这个人，哪都有他。
147,请问飞行员，国产好不好开？
148,首飞不易，取证更难，坚持下去。希望这次不会半途而废！
149,回复@好大一只猴2013:你戾气太重。
150,回复@阿Q先生:好个毛，被人卖了还帮人数钱，你出事了不找警察你去砍回来？你生病了能不去医院，你拿中国护照外国出事了你找日本大使馆，这不强词夺理吗！
151,回复@人生就是博赌:原来是老美的走狗啊！公知台独港独那么多，还用在微博找“志同道合”之士？直接去湾湾那里不就行了，要不干脆直接去你美爹那里吧，别脏了我们的眼
152,回复@克劳德斯特莱夫:没人反共了吗？这些人只是缺乏装备和训练还有一定管理。要是能组织起来和美国政府合作，去北京搞个大型的斩首行动架空共产党。
153,回复@反贪总局局长侯亮平:我不想喷喷子，因为我不想变成喷子
154,S6 比5.5寸手机还小  比一袋牛奶重量还小   含电池约250克
155,激动激动激动！终于终于终于！
156,回复@田佩良:好的，谢谢
157,回复@Air蓝羽:大运 运20 还有一个可爱的名字 胖妞！
158,国产大飞机C919首飞
159,回复@田佩良:大运胖头鱼是啥
160,威武
161,给中国制造点赞
162,回复@人民日报:在这呢，这个飞机比我们的S6大了好多倍啊，哈哈哈哈
163,大飞机
164,感觉应该叫腾龙翔凤什么的好听一点
165,@田佩良：预祝由我校99届毕业生蔡俊机长今日下午2点执飞的C919首航成功！C919与半船半机的蛟龙600水陆两用飞机，以及大运胖头鱼运20一起组成我国大飞机三剑客。记住一句话:我们国家的武器在不好也是保护你的，外国的武器在好也是凑你的。喷子们今天就留点口德吧。
166,回复@巨蟹座正能量男孩:看见都是喷层主的我也默默的都点了赞...
167,回复@反贪总局局长侯亮平:你SB啊
168,领导人出国访问可以坐这个
169,你大度能容，我小巧玲珑。
170,厉害了！我的国
171,回复@人生就是博赌:不论是公知带路轮子党还是港台藏疆独，拿再多狗粮也掀不翻兔子，因为你们从不曾和民心站在一起，而兔子本来就是从民心中走出来的，不是靠什么飞机大炮黄金白银。
172,回复@克劳德斯特莱夫:明朝东西两厂鹰爪遍布天下也没保住大明江山，共党万年？
173,回复@标竿369:难道研发飞机是为了赚钱？呵呵
174,回复@人生就是博赌:就你这种在中键委也是个打杂的，喷的一点力量都没有
175,回复@克劳德斯特莱夫:不做民族走上民主社会道路的希望可是0%要是我做了还有30%的希望！国家乃是人民之公器，不是某些拉帮结伙的人手里的玩物！
176,回复@人生就是博赌:你这例子不正说明了人心胜于装备吗？无论东西厂还是5千年上下所有的朝代军阀哪个不是毁灭于失去民心？纵然美帝给你变形金刚，也不会有人和你站在一起。你得不到心，就只是行尸走肉异想天开。
177,回复@人生就是博赌:联合你美爹反共，然后让美狗来奸淫辱虐？
178,回复@巨蟹座正能量男孩:看到有人喷你我放心了
179,牛逼[加油][加油][加油][加油]
180,A股績弱，內房目前面t臨的是有史以來最嚴厲的逆風，故奉勸大家[實體房地產]可以等 ; 惟[內房股]跌至不合理的價格水平才可以&quot;投機&quot;。更多: 网页链接
181,大飞机起飞，中国国力一起起飞！！！
182,回复@反贪总局局长侯亮平:你这么能，自己去造发动机吧
183,回复@小丸子sugarar:然而零件都是进口的
184,@是George不是Georgnia
185,回复@巨蟹座正能量男孩:有本事你去造一架，像你这种喷子永远只会在社会最底层，每个月拿着自己千把块钱的工资，精打细算的过浑浑噩噩的烂日子
186,以后不再买波音飞机了。
187,回复@巨蟹座正能量男孩:你这种人一般都是生活不如意，看啥都不顺眼，自卑懦弱的人！
188,zhichi
189,起来
190,火箭的发动机是自主的。
191,是直播
192,辽宁发来贺电
193,就是不知道飞机票会不会因此而便宜。
194,广州民航发来贺电😜
195,发动机是英国的
196,大飞机三个核心！发动机！航电！系统
197,法国空客发动机是国产么？别问智障问题
198,中国已经在努力做得更好，或许没能一步成功成为世界顶尖级的制作方。但在往这方面努力中，不是很好吗？
199,飞了吗
200,😊
201,🇨🇳🇨🇳🇨🇳🇨🇳🇨🇳🇨🇳🇨🇳🇨
202,造这种飞机是不是和造航天飞机相似啊？
203,啥时候飞
204,波音 空客用的也不是自己生产的发动机
205,发动机哈飞造的
206,厉害厉害
207,大家刷首国歌吧，怎么样
208,我告诉你们，民航安全运行2445天，民航人从不怕挑战
209,骄傲自豪🇨🇳
210,为祖国骄傲
211,期待C919走遍全世界，中国我为你自豪！
212,1
213,广告666
214,那是你的问题咯
215,666
216,6666
217,都飞了
218,借个自行车去考大学不算成绩啊
219,发动机进口的
220,发动机也是国产？
221,大宝
222,中国民航飞行学院发来贺电
223,很强势，多方组合
224,回复@反贪总局局长侯亮平:一步步来吧 确实是个阶段性的胜利啊
225,祖国伟大
226,飞去哪了
227,你说这呢，全世界一天发生多少车祸？ 都是国产车？？
228,飞了
229,发来贺电
230,重庆市人民发来贺电
231,你别说话了
232,哇，
233,👍👍👍👍
234,出了事就是大事了 高铁也出过事
235,棒棒哒！
236,重庆人民发来贺电
237,不去尝试，永远不会有进步
238,应该是rr的发动机
239,厉害了 我的国
240,高铁吸收国外技术
241,就好像你出门都步行走山间小道似的
242,好棒啊
243,中国雄起
244,只要造出来了，空客和波音有些基本技术就会马上转让吧！
245,RR的？
246,这不坐
247,啥时候开始
248,说不坐的那个网友
249,赶紧量产吧，再也不想坐a320啦。。。
250,厉害了
251,👏👏👏👏👏
252,发动机正在做
253,质量如何令人担忧！
254,回复@SNH48-张雅梦:成功捕捉到一只云南老乡
255,饭饭
256,国产919
257,坐
258,👏👏👏👏
259,👋
260,必须坐，
261,哈哈
262,做的人多的是，不缺你一个
263,收飞不收起落架的，性能包线测试
264,座的人多的是
265,💕
266,乱喷
267,起落架不收怕放不下来
268,不敢做
269,回复@反贪总局局长侯亮平:你有病！
270,加油，中国！
271,不需要你坐
272,起落架不收
273,起落架不收是因为有摄像机
274,股票跳水可以买500家飞机
275,不能收
276,首飞不收起落架
277,回复@Aunt_秋实 的赞:谢谢你
278,回复@SNH48-张雅梦:
279,中飞院的别走
280,中国制造加油！
281,发动机是国产？
282,滑翔比
283,喜庆红
284,回复@SNH48-张雅梦:Up
285,几点起飞
286,都飞了四十分钟了
287,好
288,飞了么
289,🌹
290,中国航空航天厉害啊
291,四点落地
292,祝贺！
293,厉害了，太棒太棒了
294,起飞了。
295,C919最棒
296,中国的航空公司按照自己的能力，必须订购
297,🌟
298,开心
299,中国制造
300,对对对
301,加油航天人，辛苦了
302,之前出事的飞机是哪种？
303,来晚啦，好精彩
304,说话的逻辑性明显专家有水平，主持人不行
305,我觉得没有28万人看
306,机票可以降价了吧
307,中国雄起中国加油
308,赞
309,2哥好
310,壮观
311,赞👍
312,怎么把那个降临直播间关掉
0,空客波音也不是
1,回复@俟漪:看新闻了么，我们的卫星上天了。而你这种骂别人饭桶的，又做了什么呢？
2,回复@一头鲁南土驴:你在哪个系统？饭桶吧
3,回复@御剑江湖0912:第一次听说造飞机可以用种菜来比喻。
4,回复@范云-:请问你做饭是不是必须你种菜才行？核心技术最重要
5,回复@肛门后援团:不知道最近你做何感想，可能你没去知乎涨涨姿势不知道现状如何在青岛理工就该好好盖房子而不是学程序员敲键盘
6,回复@一头鲁南土驴:你这个所谓在国家核心技术系统里工作的人都这么没有责任感认同感，用一味贬低的眼光对待这么高层次的工作，真怕以后你哪天就当间谍了
7,回复@小粉蛆:
8,回复@柱定孤独一生:其实，借鉴国外的先进经验没错，全球化采购也没错。可你偏偏说，是你自主创新，研发设计制造的，还口口声声说高国产化率，…这就有点不要脸le吧？实事求是就好。小粉红，共青团的最近又安排任务来斗了？论嘴炮，键盘侠谁人能比得过小粉红，共青团的人，天天组织战斗，造舆论，斗公知…意淫出了新高度。
9,小米手机也是这么想的
10,回复@耶鲁学者:智障
11,意思承认它是个空壳子啰？一个劳民伤财的面子工程，还好意思长篇大论地诡辩？
12,回复@從呲貊笙:嗯！慢慢来，任重道远
13,回复@谷米-御剑江湖0912:问题是最核心的技术还没掌握，现在迫切需要把关键部件的技术学会，否则如果哪天北约来个禁止对华出口靠科技类产品，那这飞机就得停产。
14,回复@极品破烂Online:
15,人民日报这态度还不错，实事求是，不吹嘘，不自大，客观，务实！@人民日报  @南阳人的南阳事  @人民网  @凤凰卫视  @北京晚报
16,回复@Runway34L:关键明明自己在喷别人怪别人喷他。。。脑子有病似的
17,回复@敬爱有仇:也不知道他哪来的勇气?东南大学不至于这么菜吧
18,回复@Runway34L:洒逼啊
19,回复@敬爱有仇:.....你看下他回复我的......
20,回复@敬爱有仇:这个阿川哥是不是脑子有病啊按理说你的话虽然浅薄无知但你语气并不冲啊干嘛要拉黑我是你太心虚还是我太吓人了?我能吃了你么笑死
21,回复@Runway34L:民航的？白学了兄弟
22,回复@阿川哥666:那请问一下既然世界航空工业上造壳子不难 有哪些国家可以造啊
23,回复@Runway34L:我什么时候说世界航空工业造壳子不难？你语文学了吗？就跟一个弱智一样喜欢喷？妈的你脑子里装的屎吧，把我的话读清楚了再回复，别秀你屎一样的智商。顺带说一下我求你回去重新学学语文真的，少说多学，很丢脸的。
24,回复@不如唱唱反调:后续中国宇航员再牛逼，也不如杨利伟的意义重大。世上第一架飞机现在看来多么低级，但难道不值得夸耀么？技术会越来越好，一代会超越一代，但第一代的伟大是不容置疑的。
25,回复@芋头头头头头头_:我并没有要求，网上反感的都是对于&quot;自主&quot;这个东西过于吹捧，把这架飞机捧的太高了
26,壳子又怎样？里边的技术结构排列才是关键吧？给喷子一堆零件，你也造一个呢？
27,高铁，航母，飞机……中国制造的量有了，但质更需提速。拿地铁来说吧，中国制造的地铁比进口的地铁更晃更响，现在的“中国制造”仍是模仿阶段呢。希望中国人能突破模仿他人的思维，创造真正的强。
28,现在，我们是造不出理想的航空发动机等关键设备。总有一天，但只要努力，我们的技术会达到造国产飞机的每一个设备的能力！
29,自找的，本来很好的一件事你们大肆宣传，被喷了吧，我看大家也不是真喷飞机，就是看不惯你们这些官媒
30,不敢坐，建议作为官员指定用机，领导们带头坐
31,国产机加油，工作人员辛苦了。作为中国人很骄傲
32,回复@先進鹹陽爲王上:这个还真没听说过。按照规定外交官不持武器，使馆安全由对方国家和本国武官承担。不过战乱地区就不清楚了。
33,回复@实在编不出名字了:请问 党国 驻某国 外交官 持枪火拼 有这回事么
34,回复@天天熬夜做设计:呵呵，你很有脑子
35,回复@陈清祥zzzzzz:人家层主只是问一问而已，这么着急喷到底是谁没脑子？讲个道理，你这种智障我特么看着就烦，天天喷这个人没脑子那个人没脑子，到头来自己连 疑问句 和 陈述句 这种小学语文句式都分不清楚，怎么不问问自己的脑子死哪去了？
36,回复@先進鹹陽爲王上:所以呢.......你是想拿中国和工业发达国家与螺纹钢和特种钢作类比嘛
37,回复@实在编不出名字了:好比一个螺纹钢企业和人家 特钢企业作比较
38,回复@先進鹹陽爲王上:我们就事论事，你总是在回避，甚至拉我去些奇怪的地方。你把这些供应商拉出来又怎么样呢？想反驳我还是支持你自己的哪个观点？我真的不懂，我也没有列一大堆外交家给你啊
39,回复@实在编不出名字了:说几个金属材料供应商 蒂森克虏伯 新日铁 浦项制铁 塔塔 神户制钢 阿塞洛米塔尔
40,回复@先進鹹陽爲王上:是，腐败肯定有，任何国家任何政府都有腐败，中国这个问题更加严重。但这不能成为无视发展成果的理由啊。哪怕多一个核心技术也应该感到高兴啊。至于腐败，这是一个任何经济体都无法回避的问题，尤其是在高速发展的时候，只能靠后面几代人的努力了。
41,回复@实在编不出名字了:还有红沿河核电我也多次现场参与 作为一名资深 重工制造 从业者 我诚恳的告诉你 党国 的制造业水平 真心一般 核心技术没多少 靠一群一心升官发财中饱私囊的买文凭 抄论文的 技术官僚 能搞出什么高明东西？
42,回复@先進鹹陽爲王上:哦？如果是真的那不错。那我更加不能理解为什么你如此嗤之以鼻。中国本来就不是工业化完成最早的国家之一，更何况建国后还和苏联交恶，经历了文化大革命，多少项目不进反退，我觉得在零基础自己摸索的情况下能有这种成果已经很不容易了。
43,回复@实在编不出名字了:我不想说 参与过 蛟龙号的项目投标
44,回复@先進鹹陽爲王上:哦？不管你说的真的假的，我是上外外交学研究生。对中苏关系和影响还是略知一二的，对于合作当时的合作项目和影响也是有所了解。由于和苏联有关，所以发动机历史这块还是了解的。
45,回复@实在编不出名字了:小朋友 本人参与过多项重点国产化工程的附属项目 高铁的转向架 三代核电的安全壳 辽宁舰的材料 …
46,回复@先進鹹陽爲王上:这个我要和你好好说说了。当初中苏全面合作的时候中国的发动机就是靠苏联扶持的。中苏关系跌入冰点，撤走了专家。中国等于从零开始。已经很不容易了
47,回复@实在编不出名字了:战斗机发动机靠进口
48,回复@先進鹹陽爲王上:这么消极负面，我也不想和你说话了。
49,回复@实在编不出名字了:等着听看空难
50,回复@先進鹹陽爲王上:这个我就不知道了，反正这次的飞机是真的值得自豪的。
51,回复@实在编不出名字了:塞权贵官僚的牙缝？和红旗车一样？
52,回复@耶鲁学者:看见大家都在骂你我就放心了
53,回复@蚂蚁牙可白:查了一下，没有明确定义，一般按照座位数量，飞行距离，载重量来区分，所谓小飞机我们国家五六十年代就已经可以造短距离运输机了，然后这次的突破是在大型和中型这个领域的突破，其实也不用看这飞机怎么样，怎么厉害，这个我们没概念，只要知道现在没几个国家能造，就知道确实不容易了
54,回复@月亮看成毛线球:“大飞机”与众不同在哪里？？？
55,攒机的核心技术
56,飞机引擎还是得自己研发，靠买总是不放心，被人卡脖子。
57,回复@谷米-御剑江湖0912:巧妇难为无米之炊
58,//@驹忆堂_螃蟹: #中国制造# 冲上云霄，国之骄傲！鼓掌]
59,没有什么能一步成功。路就是要一步一步的走。要面对现实，不惧失败，不断努力才能取得最后的成功。
60,万事起头难，中国航空必须一步一个脚印地走下去。
61,你以为这普通的壳子呢?碳纤维的你搞笑呢?你知道多值钱么?这之前也都被国外行业垄断的好吗?好不容易被中国人造出来又应用起来的好吗？一点数都没有
62,自信才能成功，勇敢迈出第一步，中国加油。
63,回复@稀土部队脑残粉:心疼层主被喷，那些说发动机不是最关键的人，可能是在造纸飞机吧。
64,哈哈 最关键的发动机技术都没掌握 就着急装逼？累不累啊 世界强国
65,回复@耶鲁学者:劳民伤财？那是你爸不该射在你妈里面，噢，应该是隔壁老王不该射在你妈里面，养你这么大过年又不能宰了吃
66,起步确实晚了，发展确实慢了……因为中国民航的大环境。。。前有军方控制，自己国企倾轧，后有技术控制。这架飞机的出生的时间点太晚，核心技术不够，我们适航方面的人才还是不足，所以应付FAA的方法就是上一堆外国零件。迈出第一步，前面还远，需要更多的扶持啊，我们的航空航天专业也该扩招了。。。
67,当年，美国人利用麦道联合生产，引诱中国人放弃运10，而后又停止合作，中国人损失了整整30年，这一次，哪怕再苦再穷，也一定要慢慢造出一架完全属于自己的客机！跌倒一次不可怕，可怕的是跌倒的民族在跌倒中觉醒，奋勇前进。多亏了程不时这样的爱国科学家
68,这飞机真好看
69,回复@劉龘鵬:他们喜欢外国爹，，个人感觉现在的公知很大一部分都是轮子，，台独，，港独，，见不得中国好，，
70,真不知道喷子什么心态。只要是这类微博都要问一句，是全国产不？发动机是国产的吗？真的一点外国技术也没用吗？其实心里早就有答案了，随便看一个微博或者网页就知道了。假装不知道，故意搅屎，什么心态。？？就算全国产了也会说跟外国比差远了。我真是服透了。。。
71,回复@黎离罹璃狸:材料问题，各式发动机运行原理都是公开，除了个别经过特殊调整过的战机发动机保密，只有材料是各国保密，没有好材料对发动机隐患太大，不过以全球化的今天来说，这个无关大雅，只要国家研究机构努力赶上就好了，个人认为就算，全是国产化能出口国外么，出口美国需要美国的航空证，出口欧盟需要欧盟的，
72,中国的发动机跟发达国家就是个笑话，毕竟精密工业落后太多，这些年虽然一直有扶持可是只能说见效不大
73,@逍遥45568：回复:看来一些喷者们不懂制造业！制造业最牛的是总装！它是综合技术！100万个零件安装一起！飞上天！最牛！不然你弄个发动机，买也行，再弄个轮子……当然得弄个方向盘！然后你再打着火！你可以试试！你就飞了……最后废了！灰尘！对了，对喷者可以弄个喷气发动机！废的快！哈哈哈
74,回复@稀土部队脑残粉:装逼的好像是你
75,回复@Hosesn:看来一些喷者们不懂制造业！制造业最牛的是总装！它是综合技术！100万个零件安装一起！飞上天！最牛！不然你弄个发动机，买也行，再弄个轮子……当然得弄个方向盘！然后你再打着火！你可以试试！你就飞了……最后废了！灰尘！对了，对喷者可以弄个喷气发动机！废的快！哈哈哈
76,重要部件不会做，关键核心技术没掌握！说到底还是组装而已，没必要大势炫耀。
77,回复@耶鲁学者:不只是空壳子
78,回复@范云-:不只是壳子
79,那到底是不是壳子呢
80,回复@Hosesn:你看来不懂制造业！制造业最牛的是总装！它是综合技术！100万个零件安装一起！飞上天！最牛！不然你弄个发动机，买也行，再弄个轮子……当然得弄个方向盘！然后你再打着火！你可以试试！你就飞了……最后废了！灰尘！对了，对喷者可以弄个喷气发动机！哈哈哈
81,回复@敬爱有仇:你第二句话是什么？碳纤维的你搞笑吧？这句话不是修饰你前一句里面的壳子么？我只是想说它不是碳纤维的。而且，这个壳子并不像你想的那样有技术含量，虽然第一个壳子造出来可喜可贺，但不可否认的是它在如今世界航空工业上来讲并不具有什么技术含量。
82,回复@耶鲁学者:说的好
83,持续推进国产化的前提一定是要能够保障乘客人身安全及搭乘感受。
84,想起当年的龙芯
85,回复@黎离罹璃狸:难得是把核武丢出去的技术
86,回复@散发萬丈光芒的男人:首先，我拆东西都能装回去其次，飞机比核武难多了，你看看人家朝鲜都能研究核武，可是有听说有哪些小国研究飞机的么
87,回复@Runway34L:左右两个你没看到，我话说的没毛病
88,回复@阿川哥666:787上所使用的碳纤维增强的环氧树脂基所占结构重量比超过50% 由于其他合金比重大 如果换算成面积比例只会更大 4成的数据是哪里的没看到过
89,回复@阿川哥666:我说都是碳纤维了?我主题好像是壳子也是需要技术含量的吧
90,回复@Runway34L:4成是个大概的意思啊，楼主说是碳纤维的壳子，我说不是，碳纤维只占一定比例，不能把这个壳子叫做碳纤维的。懂我的意思了吗
91,回复@午夜后de疯狂:什么叫国产化，举个简单的例子。用美国的核浓缩，德国的外壳，俄罗斯的推动剂。组装出来的洲际核弹就是国产化技术！
92,高铁上还用施耐德的断路器，菲尼克斯的继电器。难道高铁就不是中国自己的自主产权？一群被洗脑的文盲，使劲的喷自己国家。为什么要以国外的为标准？我们自己也要做标准，以后大飞机C919就是标准！
93,可恶的是那些拿这事炒作的人
94,不停的造
95,回复@耶鲁学者:哪来的键盘侠？能不能请你离开我所热爱的祖国？？
96,回复@铛里个铛_Voodoo:是的 是的 能做出来就好 实事求是
97,回复@爱好不多兴趣广泛:那就拿英法德意来比吧，空客也不是法国独立研发制造的，是集全欧洲之力，政府大力扶持才做起来的。
98,不积跬步，无以至千里，我国在飞机制造行业有很大的进步了，向背后默默工作，为之做出贡献的劳动人民致敬，辛苦，谢谢。
99,中国制造必将再次腾飞
100,回复@小说迷淮南枳:拿这些国家和中国比 你脑袋瓦特啦
101,高铁刚刚上的时候多少人喷，硬生生的给喷成了世界领先！？我就想问下，你们身为中国人，却看不得祖国半点好是什么心态？
102,回复@耶鲁学者:组装起来卖到全世界去赚钱，你这种弱智叫唤啥呢
103,打飞机而已，吹的响
104,确实能把所谓的飞机壳子造出来就是很大的进步了，世界上能做到这一步的国家也不多，喷子们的点其实也可以理解，有的国家能跑，有的国家能走，有的国家还在爬，飞机这个领域中国算是从爬学会了走，别提中国起步晚什么的，这都是咱老祖宗自己作的。。。
105,能造卫星就应该能造飞机吧！有开头就会有进一步
106,你倒是回答问题啊 说一堆废话
107,不能记吃不记打，当年运十下马，不就是西方不希望中国自主拥有大飞机，然后勾结国内某些势力造成的结果吗，警惕这些势力又蹿出来整幺蛾子。
108,敢坐吗，领导带头经常坐吗
109,那些名校的学生都干嘛去了！！！学霸学神都给我出来造飞机啊！
110,新高度距离并不遥远，加油
111,波音空客自己造发动机？？？
112,面对喷子，我想说：如果要劳民，我愿意上，如果要伤财，我愿意交，中国强大要靠我们，可是强大之后，祖国又怎么会亏待我们，又从来哪里有亏待过我们？谢谢
113,波音的零件也不全部都是他自己公司制造的
114,哪里叫造了个壳子。。就说汽车制造业，用采埃孚变速箱的品牌很多吧？宝马能标榜操控那是因为人家的工程师调校有水平。。能造出c919就是工程师们有调校的技术了，现在都是玩全球化，还有闭门造车的思想真是够了
115,这就好比我们的国产手机，虽说处理器等用的高通等，但不可否认，确实是国产手机
116,啊对，胜不骄败不馁
117,感谢所有工作人员的努力，每次看到国家在进步都会特别激动特别开心。千千万万的炎黄子孙正在华夏大地上建设更好的国家，怎么能不开心不激动？我为我的国家自豪！
118,把中国制造变成中国创造！
119,说这话的喷子国家个人，连个壳子你们都造不出来，有什么资格
120,中国商飞免费给外国飞机技术打光告究竟是谁在利用谁谁获得更大利益？中航工业做为中国商飞出资方为什么不用中航工业的国产发动机为什么不用国产控制系统？是我们没能力制造么？这对我国飞机制造业公平么？
121,回复@黎离罹璃狸:有道理
122,回复@似是故r人来:材料和设计是重要问题，主要就好比扇叶材料不够好，无法承受那高温，毕竟我过工业确实落后国外，这没什么可争论的，而且很多技术国外已经形成专利壁垒
123,在看到国家的不足时，也请看到国家的进步。
124,回复@苏木然CC:919的新闻14还是15年都已经开始有了  那时候真心没有声明过
125,回复@黎离罹璃狸:直播的时候就说了是买的ge引擎啊，他要说飞机纯国产那是胡扯，可人家说的是国产率0.5，没有哪句不是实话啊
126,难道真的只是一个壳子？
127,你能确定你手上的任何一个高科技产品都只来自一个国家？还记得初中政治课上老师给我们讲中国加入WTO，什么叫WTO，都说宝马是德国品牌，但宝马身上的零件都来自不同国家，现在的苹果也是，芯片是三星的，零件在中国组装的，你为什么还叫他美国品牌？有这个想法的人回炉重造吧，中国教育体制的失败！
128,回复@苏木然CC:首先，40年前我们也不是最穷的国家，然后自主研发国产大飞机是国内媒体大肆鼓吹，而官方估计当时也是不明说引擎等并不是国产，给人一种含糊其辞的感觉，然后后来有人揭露引擎等核心技术并非国产后才引起这个话题的争论，纯国产其实不代表要全部都用国内零件，可是核心还要进口才是这个话题引爆的论点
129,回复@苏木然CC:就好比法国空客也是组装的，可是法国有自己的引擎地基，而我们是根本无法生产合适的引擎，两者的区别就是在这里，人家是真狠狠心还是可以实现全部国产，我们是确实无法达到
130,回复@黎离罹璃狸:既知耻也知足啊，40年前我们是这个星球上最穷最落后的国家，不知发生了什么就有人开始拿我们跟发达国家比了。希望你自己在进步神速时也能忍住别人的冷水哦
131,回复@苏木然CC:德国法国不行？或者你给我举例所有不行的国家？中国发动机不行本来就是事实，还非要扯到外壳，你不知道中国航天发动机因为改制造成技术研发上面的断层？航天方面不是大国根本无力研究，还非要扯到小国家，爱国不代表无脑爱国，技术上落后是必须承认的，知耻而后勇
132,回复@黎离罹璃狸:来，继续举例，世界上可是有近200个国家呢
133,有四大工艺就不错了
134,承认差距才有不断进步和提高的希望！如果啥都完美了，那怎么去追求进步呢？另外官方宣传一定要实事求是，基本的科普工作要做透做实，让吃瓜群众相信科学相信事实
135,懂的越少话就越多
136,有个问题，上游供货商涨价，配件跟你抬价，你中国商飞是不是要变大脑袋了？你以为是手机屏幕呢啊？全世界都能产，不用三星还有富士康？现在新闻媒体也是挺无知的
137,回复@苏木然CC:美国英国这些不行？
138,如果一件产品连一个铆钉的容错率都没有那他将十分危险，我苹果手机拆了再装回去有3个螺丝找不到地方装，现在还用了那么久，不懂多学，不要乱写好吗？
139,票价降不降，其他都是扯淡
140,回复@庐陵黔首Mr_Egg:行啊你自己在家糊一个吧省的国家又耗精力又花钱的了
141,回复@敬爱有仇:一看就是个毛也不懂的，真当是个碳纤维就多高级呢？碳纤维那么多种，有的自己搁家也能糊一个。无脑瞎吹
142,回复@唯美散文诗:世界上每3部苹果就有一部在河南组装的，难道这也算核心竞争力？我们哪里薄弱要承认，勇于追赶，而不是老吹牛
143,不用说别的，就说苹果零部件都是哪里生产的，要是那样说得话，苹果应该不算是米国的吧。
144,回复@稀土部队脑残粉:孩子，你tm是不是脑残？           我日你大爷的   老子不怕封微博
145,回复@西门吹雪3000年:说出来你可能不信，有的零部件我国就是给跪了，跪着承认比不了国外，以能接近国外一般水平为最高目标。至少我了解这么一个行业。c919上这类零件绝逼进口。不可能用国产的，因为造不出来性能好的。
146,我就不明白，国产大飞机上天，这不是应该举国欢庆的事吗？一帮键盘侠又开始打嘴炮了。对，没错，是有不少核心部件不是中国造的，那有怎样？光壳怎么了？我就觉得大飞机很漂亮，能飞上天很了不起。不服气的，你倒是发愤图强，为祖国造个大飞机的核心部件啊。我一定为你点赞！
147,回复@耶鲁学者:大家不好攻击他，这是我的儿子，它会乱咬人，最近学会了微博便开始乱咬人，希望大家不要介意  我会慢慢教他重新做人的
148,承认没有很多核心技术和核心部件制造能力就对了，不是说造个壳有错，一步一步走没错，而是要讨论一下这么多研发费用就造了个壳，其中多少钱喂了多少狗？另外媒体粉红5毛别瞎吹尼玛老公抱！
149,微博评论让人成长。通过这些评论树立自己的三观是最重要的。要充分肯定已经取得的成绩，要正确面对自己的不足。我的祖国，加油！
150,引行
151,回复@范云-:心疼层主
152,回复@耶鲁学者:这是杜勒斯派来的吧
153,回复@耶鲁学者:丢人的喷子
154,引擎都是进口的谈啥国产，我们要求的不多，只要一个心脏
155,回复@黎离罹璃狸:对 没有别的办法 偏偏努力的路上 居然有这么多自己人在扯后腿 简直令人发指
156,回复@林疋Linya:主要是国外工业的封锁和已经形成的专业壁垒，航天梦只能说路漫漫其修远兮，一代人赶不上那就再扑上一代
157,这次的调调不错
158,回复@耶鲁学者:sb
159,回复@黎离罹璃狸:航天不仅仅是技术的问题了，还有国家投入，不是大国想都不要想。我国现在做的已经很让人欣慰了，至于将来什么时候赶上的问题……乐观估计我们这一代没准就能看见。
160,回复@狐逸之:说实话，航天梦这条路比核武难多了，小国像朝鲜伊朗都能研究核武，可是航天飞机哪有小国去研究
161,🌚这么说吧，人的器官是在母体就形成的，是不是生出来后，那个人就不是一个独立的人了？？？而只是母体的傀儡？？？？？
162,主要是你们媒体吹的太厉害  估计中国商飞也没想让你们这样报道。。。 人家也想一步一个脚印的脚踏实地的发展
163,回复@黎离罹璃狸:骚年，文化对于人真的很重要。说多了我也是对牛弹琴，就一句话懂就懂，不懂就算了，每台发动机相对其他发动机都有推力公差，如果没有同步仪，在放开支架的一瞬间飞行器就会翻滚。
164,回复@梦想的拼图:你确定只是飞上天而已不考虑控制等各种考虑真的很难？现代飞机确实对空气力学和材料学要求很高，可是如果不考虑这些把火箭竖起来然后是在火箭周围装几个引擎只说上天而已确实不难吧  上天后遇到气流的也不考虑了   就能算上天1000m马上掉下来也算上了天了吧
165,回复@Ricky7727:你以为我不知道嘛
166,回复@Love高晟:该更新一下知识库了，另外男士圆珠笔头也只有日本德国少数几个国家造的出来那
167,回复@峰翘楚:智商堪忧，找你美爹的F35去吧
168,回复@绿叶上的虫92107:不是不耐用，是废品！发动机转动起来核心温度很高，中国目前为止造不出来！请问中国能造出美国全球鹰一小时打遍全球那样的发动机吗？
169,中国，加油~继续奋斗~
170,那些说只造壳子的人，你们到时候可别不坐啊
171,经济全球化，分工合作才是王道，关键是掌握核心科技。
172,大家都是博采众长，这个非要说成民族大义。
173,回复@黎离罹璃狸:还发动机，那你说说有几个发达国家能造这个壳子
174,回复@黎离罹璃狸:我说的有点专业，你可能没明白，这些都是飞上天的要素，差一个都不行，你以为飞行靠动力就行？如何产生力？如何让“力”成为“有效动力”带你上天？你的火箭光有动力，是飞不上天的，只会在地面翻滚被“力”撕裂。回到我的评论，我只说了“给个发动机”，你加上了“动力”，那我就加上了“哪来的动力”
175,回复@油爆枇杷伴着面:我去，，这么奇葩，，，，，最近这些喷子质量问题很大啊，，，都该回炉回炉，，上点培训，
176,回复@绿叶上的虫92107:他连全球鹰和使用超燃冲压发动机的一小时打遍全球计划都分不清。还有啥好说的？那呆子一直以为F35是中国的呢。。
177,回复@耶鲁学者:能不诋毁自己的国家吗！身为中国人我们不知有多骄傲
178,回复@花里胡哨ts:哟哟哟，又一个无脑舔，你们难道都只会一句话么？！而且还狗屁不通，质疑有问题就是叛国了？要科学家干嘛，直接靠你们舔就行了，高层都糊弄，你们还舔还护，指望坐等别人退步好让我们领先？！爱国能清醒点么？
179,回复@Tyrion_Nianain:你要觉得你外国爸爸好，那你去啊
180,我昨天组装了一台机器，硬件全是最先进的，我想我掌握了计算机和操作系统的核心技术，少特么逼逼我啊，硬盘是中国产的，机箱也是中国的，操作系统的出厂地点也是中国，我特么爱国完了！
181,回复@梦想的拼图:我只说动力够强可以上天，你信不信动力够强我设计成火箭一样都能上天，直说上天哦，别的我没说
182,回复@耶鲁学者:快把微博名字改了吧。改成学渣
183,回复@花里胡哨ts:因为没你们无脑舔啊，靠你们舔什么都能上天
184,回复@墨之铭:哪有一架飞机是一国生产的
185,不造的话永远都造不出飞机，哪有一下能全部国产化的？
186,回复@紫曜羽同学:还有陆丰，论创新我只服这俩公司。。。坐等无脑舔到达战场
187,回复@kanglian421:众泰
188,一步一步走，只要在前进的路上就是很棒的
189,一步一步来，总有一天会全国产。
190,能上天就行，喷子怎么不上天
191,回复@范云-:依然一楼，嗯，键盘是快，可惜没你脑子快，语文功底不好，看不完看不清看不准别人的话，就速度的正义制高点装了一把逼，种菜好像确实是核心技术，非洲兄弟笑了。韩国举国进步，好歹捐金捐银，你做了什么？美国举国进步，好歹全民监督，你做了什么？书都没读好，装什么，就会玩点小孩子把戏，好厉害！
192,回复@耶鲁学者:哈哈哈哈哈哈哈 替你捉急
193,回复@油爆枇杷伴着面:层主的意大利面没吃成
194,对对对，你们说的都对。中国造的不能坐。空客也不能坐320有总装工厂在天津，水平安定面、垂直尾翼、机尾段模件等等大量部件都是中国造的。波音也不能坐。。波音从734.747到787都有大量关键部件都是中国造的。
195,回复@Tyrion_Nianain:谁让你舔了，生产了一个大飞机都来喷了，以前没能耐造，现在有能耐了喷子倒来了，毕竟这只是第一步，一口吃个胖子真的好吗？请勿再言，毕竟飞机不要你造，哪有键盘打的快
196,回复@谷米-御剑江湖0912:哈哈，好了，有问题不能说，说了就是敌人，嗯祖国发展果然是你们舔出来的！也难怪精英都跑掉了，我要是能移民我还跟你废话？坐着笑看你们把中国舔上天！你帮不上忙就算了，还要糊弄一群人自欺欺人，挺好的，继续夸，有问题我们也无脑舔，反正我们也不解决问题，舔就好了，中国哪特么有贪官？天朝盛世！
197,回复@Tyrion_Nianain:你干脆移民算了吧！
198,回复@峰翘楚:天呢你别回复了，你这是在秀知识下限啊，你看他们几个笑的
199,措辞，创造不是制造
200,回复@山谷农庄:国家的发展是不会因小失大的.不能因为你一个人的利益没有尊重你而当误祖国的发展吧.
201,回复@潮流听我:幼稚。社会的发展有其自身的规律，就像一个人一样每个人都有每个人的优势特长。如果没有尊重人的环境怎么可以造出好东西。再说制造出什么产品更应该遵循本身的规则而不是模仿和求大 。
202,现代文明，人类共建共享。
203,我就问，喷子可以上天吗？
204,回复@谷米-御剑江湖0912:你就继续骗你自己吧
205,回复@稀土部队脑残粉:掌握了之后你该喷啥呢
206,不吹不黑，实干兴邦
207,回复@耶鲁学者:狗屁你交那点税和他八竿子打不着
208,回复@丨丨幻丶:老铁这话没毛病
209,回复@稀土部队脑残粉:给你喝两桶汽油，你能当发动机是咋的？神他妈智障，五星级厨师还他妈得会种地？好像给你个发动机你他妈就能拼个飞机是咋的？
210,回复@油爆枇杷伴着面:全球鹰计划是以各地驻军为基础形成得，，而不是美国本土飞机飞来，这点你要搞清楚，美国本土起飞一个小时就能到中国，中国还发展个毛线军事，伸头让人砍就是的了
211,回复@稀土部队脑残粉:你这个名字很诚实…脑残就不出来乱逛，小心被打死
212,一开始就说国装大飞机就好了。省的现在解释的嘴都瓢了。
213,这个东西最重要是性价比，全球采购配件便宜过购整机就可以了，
214,这话没毛病，辽宁号刚下水也有特多人酸，结果现在脸疼难耐
215,回复@峰翘楚:发动机理论大家摸得都一样，，不一样的是材料，好么，国外对材料保密对于原理只要能出口保密，，国产不是不能用，而是不耐用，如果作为短期目标可以用，，长期使用不行，材料，，材料，，材料，都在摸着石头过河，，
216,回复@云风飞杨-i:学会组装是第一步啊，以后再慢慢进步，一步一步来，这有什么好喷的
217,回复@唯美散文诗:苹果是自己设计，真正自己技术。你的飞机买人家零部件，再以一个小时多少美元学怎么组装的。（公开的报道哦，我们工程师去对方学，以每个小时算钱的哦！不是我编的）这叫掌握核心技术？你去电脑城买一堆零件，然后商店教你怎么组装，你就学会做电脑啦？
218,加油干吧！
219,回复@耶鲁学者:耶鲁学者？ 你好意思起这个名字吗？
220,回复@小时光-旅行:圆珠笔笔芯造不出就已经代表了不行
221,回复@换个视角看微博:然而火箭没有翅膀，我动力够强可以保证上天啊，别的我就不能保证了，我也只说动力够强可以上天
222,回复@黎离罹璃狸:现在讨论的重点是在“飞起来”，不是在讨论有多大的动力…就比如一只鸟，就算给它装上一颗熊的心脏，力大无穷，但没有翅膀和羽毛一样飞不起来；造飞机的核心技术其实就是翅膀羽毛的设计和加工工艺；不是随便拿几个铁块，装上发动机就能飞上天的
223,回复@耶鲁学者:哪里都有这个人
224,"回复@黎离罹璃狸:骚年有勇气呀，那你打算用涡喷还是涡扇？推重比多少？轴流还是平流?用几个涵道？推进流程打算开D还是STB?直流供油还是交叉？底高压涡轮分别开多少？没发动机飞不起来，光有发动机也飞不起来，拼在一起那才叫实力。不好意思，我辅修的是RU Aerospace Engineering,而且已经在中国大使馆档案报备了"
225,回复@溜达猫小兰:主要是还是大量出口  这种行为真的不会被子孙指着坟头骂吗以后
226,回复@黎离罹璃狸:最气人的就是稀土的应用。本来这东西中国产量最多，结果应用的最差。还被逼着低价出口。更气人的是加点稀土就好了的做法也大大限制了国内的材料研发。欧洲这边没稀土用，研究了各种奇技淫巧来提升普通金属的性能，再加上稀土厉害到没边儿了
227,中国造没毛病，反正把零部件都提供给我我让它飞不起来。
228,回复@黎离罹璃狸:歼20不是有一架已经用上ws15了吗 不急 只要追 就能追得上
229,回复@耶鲁学者:U can U up  no can no BB
230,回复@实在编不出名字了:我说了读书使人进步，不知是谁坐井观天固执己见。
231,回复@Patrick_66:读书使人进步你以为是你的手机壳，这个壳也是不亚于发动机技术的核心技术之一。这个地球上你找不出第四个国家能造出你所看不起的壳子了。
232,回复@野鹤之恋:飞机产业非常复杂，现在国际化下很少会说有自己国家全部生产的，只能说有没有能力生产，像法国有最核心的引擎和外壳技术，人家应该有能力拼装出一部纯国产，我们现在是确实无法达到，因为引擎
233,回复@黎离罹璃狸:也就只有空客吧？当然一架飞机的产业是庞大的，不可能只有两个厂家，总组装也只有空客一家
234,回复@耶鲁学者:劳你啦？伤你财啦？我们中国人愿意！关你屁事！
235,回复@唯美散文诗:cpu  gpu等核心都是自己的吧？没有自己制造，只是成本的问题
236,回复@林疋Linya:空客的引擎有法国的
237,回复@黎离罹璃狸:所以波音的引擎也不是美国的。。。
238,回复@黎离罹璃狸:发动机的主要问题在材料，这个在美俄是绝密，几乎是需要用类似穷举法来试的东西，不仅仅是技术更需要时间的积累。这个关口是制造业王冠上的明珠，要是突破了意义堪称放了原子弹
239,为我的祖国感到骄傲
240,回复@黎离罹璃狸:国产引擎不是不可靠，只是寿命低而已。那么多战机都用的国产引擎，不也照样用吗。
241,无知是多么可怕 初中政治都白学了吗？
242,回复@小时光-旅行:可是事实就是航天发动机中国还真不算好，这个不可否认的，这个主要是在我党的某些官员英明领导下导致研究断层
243,回复@黎离罹璃狸:有时候也要看清楚事情，中国工业才多少年？美国和欧美工业多少年？国产汽车发动机也没有你说的这么差，零几年可能是不怎么好，现在你敢说差？
244,回复@范云-:能把壳子造好就是本事
245,回复@农家猪大叔3s:好比空客发动机是买的，可是法国有产发动机的公司，拼起来也算法国货了吧
246,回复@黎离罹璃狸:没看懂你的逻辑
247,回复@墨之铭:造了个壳子？总体设计与集成以及工艺的进步超级重要的好吧。耳边仍响起中国掌握圆珠笔笔尖工艺的欢呼声
248,键盘强国的人好多呢呢呢
249,回复@梦想的拼图:还真能😂 😂 😂 动力够强就可以啦
250,引擎就是發動機吧，呵呵
251,回复@实在编不出名字了:您接着做梦
252,回复@吥哩吥哩左卫门:你这话题扯远了，现在不是在讨论外壳承受撞击能力的问题，是讨论外壳及外形对其最基本功能的影响；车的最基本功能就是在路上移动，飞机则是在天上飞；车就算没有外壳，也不管外形是什么样子，只要有轮子，装上发动机就能移动；但飞机如果没外壳，没机翼，就算给它装最好的发动机也是飞不起来的
253,回复@换个视角看微博:汽车壳子也很复杂的。要经过各种撞击试验的。单从撞击讲，设计就很复杂，要有足够强度，还要能吸收足够的撞击力量，不能把撞击直接传递给乘客。
254,C919反正上天了，麻烦键盘侠以后也上天去喷✈️
255,主要是飞机发动机啊。
256,还是那句话 能飞起来已经不错，其他慢慢补。
257,回复@裤兜妮:简直神评！必须赞一个👍👍👍
258,回复@耶鲁学者:瞧不起自己家人，可又无力摆脱是一中国人的事实，只能在这吃里扒外尽说风凉话，这种感觉可不可悲，无不无奈?
259,回复@pptrain:高铁也是人家的技术
260,回复@墨之铭:按步就班、稳步前进、逐渐掌握，中国高铁列车就是这么一個成功先例
261,回复@峰翘楚:发动机能造出来，，，材料科技低，造出来不耐用，容易出故障，无知
262,回复@油爆枇杷伴着面:不管是大飞机，还是战斗机，关键是发动机！！！发动机中国造不出来，这是事实必须得承认！
263,回复@大白鸟_dreaming:好好，你厉害了，中国飞机最厉害，不要搞研究了
264,回复@爆炸的两个小丸子:1.技术研究需要投入我同意，但是研发肯定会考虑未来用途，不然怎么做技术指标对比。 2.中航工业多家企业已是波音空客的供应商，有的也被评为优秀供应商，而且在越来越多的领域参与世界民机的研制
265,回复@换个视角看微博:引擎是飞机的心脏，心脏都还不如手和脚重要？
266,回复@云风飞杨-i:他们学会，回到国家，在教其他学员，你觉得这不划算么，，，
267,回复@散发萬丈光芒的男人:我们工程师去美国学的，每个小时按美元算钱的。（公开的新闻报道）。给我一堆原子弹零件，再教我怎么组装，我当然能造出原子弹嘛！最多你学一个月我学一年啦。
268,回复@月影之龙:给你个光板，你自己往上面点零件，
269,回复@散发萬丈光芒的男人:你拼不回去说明你没研究过，给个显卡cpu多少人都会攒电脑，航天航空的这些人能没学过拼装么
270,知道什么是国际分工么各位
271,你买个对房子我嘲笑你砖头是自己烧的么
272,"在自己没有先进的技术前,是值得借鉴的。"
273,回复@实在编不出名字了:(⊙o⊙)哦(⊙o⊙)哦，原来这样，谢谢亲
274,回复@蚂蚁牙可白:没那么简单，尤其是飞机发动机，就算拆开来，很多部件和制造工艺国内水平都跟不上，说白了，你知道怎么做，也做不出。所以近几年都在大力发展这个。
275,回复@稀土部队脑残粉:友军对不住，面全让狗吃完了，现在又要咬你了，拦都拦不住
276,支持
277,集成全球优质资源做好产品
278,回复@花儿别开:能够一个国家单独完成的只有中美两国，空客是欧洲几个国家一起搞的。
279,回复@稀土部队脑残粉:就这一个拼装，你在这地球上现在找不到第四个国家可以🙃
280,喷子没上过高中地理课吗 ？飞机制造业本来就是全球化生产后组装  波音也是   别的国家已经制造出来好用的东西我们为什么必须得自己制造 ，，又不是导弹卫星 核武器 。。全世界大部分人都是用相机都是佳能 尼康 索尼 美国也是如此 不是说造不出来 而是没有必要。
281,也就是说你中午吃饭炒的菜，不一定非得你自己种的， 照样能吃，只不过菜是超市买的，炒的好吃就行。
282,加油！网友只是希望祖国更牛！
283,关键是别老TMD把自主两个字写上行不行，或者你自主生产什么写清楚，老TMD干这这种事情
284,回复@割草机_Brutal:苹果的存储颗粒不是自己设计的，不是自己制造的，是纯粹的进口，没有一点专利在手上的
285,回复@唯美散文诗:进口和代工是不一样的，不是黑c919，就想给你解释一下
286,苹果是美货吧，存储颗粒三星的，屏幕也不是自己的，指纹方案也不是自己的，soc都是三星台积电产的，因为苹果没有能力做14nm以下的soc，这个世界上有人质疑苹果不是美货吗？苹果就是个壳子？难不成是韩货？
287,回复@Alex_朱韬武:我的意思是千万别坐
288,回复@乐_半生:其实波音空客的零件也不都是自己的呀
289,加油，今日实践，明日之崛起！！！
290,回复@范云-:看评论吓得我都不敢问了
291,和那些说超算cpu不是国产的一个套路，超算里比cpu关键的东西多了去了，总有人喜欢跪着。
292,这种涉及到机械和工业设计还有高端技术还有人无脑喷的，都是没读过书，你有本事你去设计唉，说来说去还不是自己无能，自己没读过书过得不好
293,我去搞了半天，我最关心的发动机技术居然还是进口……@人民日报
294,天天逼逼叨的，给你个原子弹的零件你能拼的起来啊？小时候拆家里录音机安不上挨打都忘了？
295,家住安徽 活了二十多年 前段时间第一次出远门去贵州参加朋友婚礼 在这种几乎全是山的城市  隧道高架 极其偏远的小村庄里水泥路都修的平整坚实 不禁让我感叹中国人真的好牛逼 用了短短的几十年发展成这样 我为我的祖国骄傲
296,回复@稀土部队脑残粉:随手举报，多读点儿书吧，坐井观天
297,回复@稀土部队脑残粉:看到大家都在骂你我就放心了
298,回复@耶鲁学者:你他妈的有毛病吧，滚出中国好吧
299,不理解明明是我们国家的荣誉有些人就是看不下去
300,务实，一步一步脚踏实地的前进。比天天吹牛世界第一要更强。
301,病态的社会，总有那么多喷子
302,回复@耶鲁学者:又见这个外国雇佣的狗汉奸
303,回复@小粉蛆:嘴巴那么臭，一定吃了不少屎吧
304,回复@墨之铭:其实，借鉴国外的先进经验没错，全球化采购也没错。可你偏偏说，是你自主创新，研发设计制造的，还口口声声说高国产化率，…这就有点不要脸le吧？实事求是就好。小粉红，共青团的最近又安排任务来斗了？论嘴炮，键盘侠谁人能比得过小粉红，共青团的人，天天组织战斗，造舆论，斗公知…意淫出了新高度
305,回复@溜达猫小兰:心疼你智商，这是客机啊！打什么仗
306,回复@谷米-御剑江湖0912:还是心疼下你自己的那点儿智商吧，连个比喻都看不懂…保持住你的沾沾自喜，打仗的时候在买不到发动机自己又造不出的情况下用爱国心把飞机壳子喷上天。今天不看清科技差距的危机，明天国产飞机引擎就是下一个汉芯。
307,@Alex_朱韬武 @于吉松Victor_Clarinet @melodyxu-
308,人空客十几个国家参与提供部件 波音也是 民用航空不仅仅是引擎 温控 气压 机身强度都得跟上 哪有这么牛逼一次性全部国产化的😅 全国产那不是大家都没得合作了吗
309,这就是一个很好的开始。
310,回复@耶鲁学者:看到这么多人骂你我就放心了
311,不是不能造，主要是造出来的零部件比现在市场卖的会贵，所以干嘛花那时间花那钱～
312,回复@小粉蛆:你也只配当蛆了，你能干什么？你干了什么？
313,支持，谁不是一步一步走过来的，起飞是多少失败换来的，只有那些工程师，设计者清楚，不做永远落后，知耻而后勇，师夷长技，我们才能更强大，才能不被欺负！
314,能上天就是好事情，最起码我们看到了进步！喷子们，现在是全球化，不是自己玩，好不好！你心心念念的苹果手机是美国人自己生产的吗？如果是，你确定你能以这个价格拿到吗？别你丫的，看不起我大中国！看得起谁，就跟谁一起玩，我14亿华夏子孙不缺你一个！
315,说得对，要继续加油
316,回复@地主家的傻小子丶:误伤友军啊。一个意思啊。
317,回复@周朴心:你买手机是看屏幕好坏？不是看系统？苹果之所以发展的这么好，完全是因为系统研发的成功，如果制造一个东西连最核心的东西都是用别人的，那么和空壳子有什么区别？拿别人的东西东拼七凑罢了
318,回复@蛋总就是干:按照美军的想法是可以的
319,回复@波浪理论达人:发动机装在板砖上你说板砖能飞吗?
320,一天就知道叭叭的，你可以拿你的键盘设计一下
321,回复@范云-:海尔空调用的是三菱的电机，是海尔的空调好还是三菱的空调好？苹果手机用的是LG的屏幕，苹果好还是LG好？
322,回复@Backsfens:吊炸了
323,美国的波音不产发动机，人家可以用美国通用电气公司的发动机，法国的空客也不产发动机，人家可以用法国赛峰集团的发动机，，，中国的商飞也不产发动机，我们用通用赛峰合资的cfm公司的发动机，你说屌不屌
324,全球化我初中就学了，虽然我只是高中生，但这些道理我还是懂的。
325,我本来觉得挺好的，结果各种微博整天给我灌输这是个壳子的思想。。。我现在真觉得是个壳子了。。。
326,要智造啊！
327,回复@船长__captain:听不懂我的话就回小学找语文老师上上课，没必要在这秀智商
328,回复@窝在被窝打麻将:那没必要讨论。是不是壳子，你自己心里不清楚？壳子能飞？
329,回复@稀土部队脑残粉:发动机技术并不是最关键的 关键的东西还有很多
330,回复@船长__captain:我不是专业的，也没有专门去研究过，我不懂所以我问是很正常的，如果问一下就是傻*、喷子，我无话可说好吧？您什么都懂，您最厉害好吧？
331,回复@耶鲁学者:滚吧，喷子，键盘侠，mdzz
332,就是在这帮喷子的嘴里，我们有了高铁，国产飞机，航母，连空间站都上天了。随你继续喷╮(╯▽╰)╭等到国内航线飞的都是国产飞机我看你坐不坐
333,看到有些评论，只想说：你以为飞机就一个发动机就能飞啊？那你试试买个航空发动机装在大巴车后面，然后随便弄两个翅膀，你看能正常起落不？
334,又领狗粮了？
335,没有正面回答问题
336,回复@耶鲁学者:你怎么又来了
337,加油！
338,这话老子就不爱听了，就造空壳子？我他么的把手机零件都给你买好，你给老子设计组装一个手机出来
339,虽然飞机不是第一 但是我们的喷子是啊
340,加油，中国
341,回复@黎离罹璃狸:中国不是一直提倡地产兴邦，实业误国吗
342,回复@唯美散文诗:谁说了是米国的  不是美国的吗
343,回复@耶鲁学者:这是耶鲁被黑的最惨的一次
344,以后国家领导出访就坐我们自己的飞机，骄傲！
345,回复@唯美散文诗:自主拼装，承认就好
346,总有些唱衰党，这个人何必理会继续征途
347,回复@云风飞杨-i:你好像很懂技术哦，来讲讲，苹果从零件加工到组装都是用的国外技术产的零件国外工厂组装，他们的技术是什么？你说出个一二三四呗！毕竟按照你的逻辑一分析苹果的制造根本不不是美国自主知识产权的呢！
348,我只希望这个飞机的制作研发跟你没有一丁点儿关系，那就不要在质疑它是不是纯国产。有些人可以为这个飞机熬了一辈子心血，可你却在质疑他们的付出。你没有资格!
349,回复@耶鲁学者:就你还敢叫学者
350,还有实事求是吗，红卫兵遇昩透项
351,回复@实在编不出名字了:还是支持吧 希望再接再厉
352,回复@livenorthkindergarten:差不这个意思，没创新，但是从无到有的过程。而且这个技术全球有两百多个国家还没有
353,说这个话的 是对现代制造业的特点没有基本概念。放眼世界范围 所有大型设备以及高科技产品 哪里有一国完全解决的呢？把行业内成熟优秀的产品加以整合利用 不仅理性 更显示出自信。
354,喷子去死吧
355,回复@花里胡哨ts:其实把喷子们装上去，只有发动机都是国产的
356,评论水的不行 壳子就壳子呗 自吹自擂有意思？
357,回复@范云-:把你装上，都有国产发动机了
358,让乐视贾跃亭做个PPT，然后让成龙代言，再让小米雷军去卖，五秒绝逼能卖十万架！还是先付钱后发货！记住，一定要请格力董明珠监督执行！
359,集成是等于组装么？ 有什么创新的技术么？
360,国家造个壳子就够了，剩下的交给喷子造就行了。
361,回复@不如唱唱反调:你不能要求一口吃成胖子
362,回复@芋头头头头头头_:有味网友说的好，很多人爱国心切，容不得别人质疑几句，说白了还是自尊心过强，自信心不足，来自于深深的自卑！中国曾经是伟大的文明古国，应该自我要求高一点……
363,回复@小粉蛆:看你名字就让人恶心到了，小马甲拉黑
364,回复@芋头头头头头头_:呵呵，人家登月，也没说成是登上火星啊？
365,转发微博
366,回复@范云-:小粉红这么敏感？？
367,回复@耶鲁学者:就你这的脑子还耶鲁...你身上的衣服是你自己织的布？你吃的东西全是自己种出来的的？你用微博干什么？自己造一个软件自己意淫去呀...纯牌汉奸
368,回复@瓜丝麦饼:还真给你说对了，飞机这种高速极端条件下工作的工具，外壳，设计与集成都是不亚于发动机的核心技术。就那个壳子地球上找不到第四个国家能造出来了
369,我懂了 组装起来就是个技术活
370,回复@昵称什么的根本没有必要:利润都让国外赚了，懂不懂？
371,回复@Love高晟:可是圆珠笔已经造出来了
372,回复@小时光-旅行:我可没说不买国产品牌
373,回复@Love高晟:按你的逻辑说，你现在使用的小米手机有多少是国产的，那你还买？
374,最重要是造出来了，先解决有没有问题，之后就是继续升级完善了，加油我们的国！永远热爱！
375,回复@_D丶K:谁让他们是喷子呢
376,其实我就想知道   引擎到底是谁造的   飞机的核心技术啥的  跟我个屁民有鸡吧毛关系？嗯？ 来来来  谁告诉告诉我  跟我有你妈逼关系？？目前的事  是不是我们国家造出来大飞机了？ 是这么回事吧？这东西是不是我们国家造的呀。？是吧  ？是你还逼逼你妈逼？你管它引擎谁造的呢 跟你有你妈逼关系啊？
377,回复@爆炸的两个小丸子:你说的有点道理，不过飞机这种在高速极端条件下工作的工具，即使是外壳也属于核心技术。我们国家现在做到了，而且这个地球上找不到第四个国家能做了。另外，设计和集成技术也是核心技术之一，否则飞机会解体。至于发动机，这个已经在研制了，这是个难关，可能要好几代人才有突破。
378,回复@大白鸟_dreaming:一是技术研究需要投入，第一不是要考虑用在哪；二是可以参与世界竞争，成为飞机制造商的供应商，一切都以技术为前提；三是你不懂测试，测试不是要有整架飞机飞上天才能测试，那样的话第一架飞机怎么研发？成本谁能负担？
379,没必要去在乎一些人的话，说出这些话的人连税都交不上，哪个国家不是一点点借鉴过来的呢，时间会给我们答案的。加油
380,60多年的祖国就能造飞机，60多年的美国、欧洲能么
381,回复@耶鲁学者:哇塞  果然让你高潮了
382,核心零部件外包还是采购，有很大区别的。
383,回复@耶鲁学者:花你钱了，怀疑你是否纳过税啊
384,夏虫不可语冰
385,这是承认就是干了个组装的活了
386,回复@NV4500X:
387,回复@Runway34L:
388,急于求成的人多半是不会成就伟大事业的。。
389,说白了就是等于一个富士康，代工的
390,能组装起飞就不错了，万事开头难。
391,回复@窝在被窝打麻将:你是喷子呀
392,回复@耶鲁学者:我说怎么这么熟悉，原来是上次喷航母的那个喷子
393,回复@先進鹹陽爲王上:读书使人进步😃那个飞机壳不是手机壳，和发动机一样属于核心技术。这个地球上你找不出第四个国家可以制造这个壳子。还有进口的部件组装，那叫设计与集成技术，也是核心技术之一，不然飞到一半就解体了。还有研发完全自主国产的航空发动机你说那点钱都不够塞牙缝的
394,回复@先進鹹陽爲王上:那几千个亿的研发费都让谁弄去了？
395,波音空客系列飞机部件也并不全都是本国或联盟内国家生产的，不懂行请不要乱说话
396,飞机本来就是组装机，没有哪个国家做飞机是全部国产的好吧。
397,回复@耶鲁学者:一句话暴露狗腿子的身份
398,回复@NV4500X:飞机结构专业
399,回复@耶鲁学者:空客和波音那么多中国零件怎么说？
400,回复@墨之铭:+1
401,回复@稀土部队脑残粉:我们中国的事轮到你管。
402,空客和波音上有多少中国产品？
403,//@退休教师范睦群：有好的想法，才有好的做法，总有一天会拿出世人刮目相看的好产品——国家品牌计划！
404,回复@Hosesn:关键技术没掌握？读书使人进步😃造出来的是飞机壳不是手机壳，那也是几大核心技术之一，这个地球上找不到第四个国家能造出来了。包括你吐槽的拼装，那叫设计与集成技术，也是不亚于发动机技术的，不然你飞到一半就在空中解体了。
405,回复@麦苏子:读书使人进步，很遗憾的告诉你，那个不是手机壳，那个壳子属于飞机核心技术之一，不亚于发动机。这个壳子地球上你找不出第四个国家可以生产了。
406,原来真的只是个壳子，组装了一下，大家可以放心乘坐了
407,我们国家的那些理工科人才都去哪了？
408,已经很棒了！中国加油！
409,高铁能成功，大飞一样行！
410,回复@耶鲁学者:耶鲁学子的平均智商就这样被拉低了
411,回复@憮芯朲:在有些事情上，我们对自己所做的不满意评价是我们内部人务实的表现，而不是一味捧杀，大国重器，是保护我们自身安全的最后屏障，往这里面掺假是有被灭亡的危险
412,回复@一头鲁南土驴:北斗导航有没有建立？是不是中国的？中国是不是在建立国际空间站？
413,何必冷嘲热讽，有了鼓励才有了前行的动力，没有谁生下来就会跑啊
414,回复@憶非盡:我都有点不相信，建国这么久，才制造出一台飞机，难道以前的飞机全部都是买的外国的？？？买的外国的，把飞机拆开，研究研究，不就制造出来了吗？？需要这么久吗？？？还是这个飞机有什么与众不同之处？？？？？
415,能造个盒子出来也很牛逼啊
416,选购最合适的配件组合成最好的产品才是制造业的核心价值！
417,回复@-upk:知识使人进步，多读点书吧，你以为那是手机壳子和你家窗玻璃？就那个壳子和四块玻璃这个地球上没有第四个国家能弄出来。
418,壳子就是壳子，还专门拿个玻璃四块说事
419,那些无脑喷说的好像给你一堆零件你也能攒一架飞机似的
420,回复@小粉蛆:照你这么说，C919=波音飞机？真要这样你不闹，波音早就开闹了！碳纤维是不是中国自己研发创新的？
421,回复@用户3547825821:哦…不错嘛…你可能不知道什么叫自主知识产权，人家波音不给设计图纸，品控要求你能生产出来？人要有点智商。没有其它国家提供的设计图纸，专利方案，单凭中国能组装个？问题是是中国设计的…？房子框架是中国设计的，水泥沙子钢筋可是国外设计的。人要实事求是
422,都说了50%国产。波音已经在中国开厂，利益捆绑在一起。你什么东西都不用别人的就是全世界的敌人，全世界要想生存只需要干一件事，就是联合起来干掉你。全球化主要争夺的是产业链制高点，而不是作死吃独食。
423,咋就看不得祖国好？？？？
424,回复@小说迷淮南枳:了解了一下 你说的对
425,回复@爱好不多兴趣广泛:为什么不能比？同样是世界上潜力巨大的国家，拥有相当于甚至优于中国的地理资源和政治环境，人口数量也不至于像俄罗斯一样尴尬，高速发展的全部优势都已经具备了的国家，怎么就不能拿来和中国比？
426,回复@稀土部队脑残粉:看到都在骂你，我就安心了
427,回复@憮芯朲:你可以看下许其凤老爷子的讲话，再来谈北斗跟空间站。明年你就可以说中国造出了大飞机。
428,就像多年前圆珠笔的钢珠，真正的核心技术永远靠进口，可以说教育真是落后人家太远太远，却依旧在自我安慰
429,回复@黎离罹璃狸:已经有不小进步了，歼20的发动机有的好像就是国产的，这个记不清了，不过肯定有一款先进战机是国产发动机。
430,回复@耶鲁学者:看到大家都在骂你，我就放心了
431,先解决有，再解决好，这个是所有产品的必经之路。喷子之所以喷，是因为在生活中天天被别人喷。
432,回复@耶鲁学者:全世界都欠你爹一个避孕套
433,回复@散发萬丈光芒的男人:老司机，稳！赞你一个
434,中国不比别人差🇨🇳
435,回复@农家猪大叔3s:不是同一个公司可是人家同一个国家啊…
436,回复@耶鲁学者:所以你没有文化
437,回复@小粉蛆:研发设计制造，没说错啊！大飞机总装集成，你以为是搭积木，堆在一起就行啊！没有设计研发出不了总装图
438,回复@快跪下让兵长好好疼你:你确定中国不会研究？这几年航空航天科技的发展感情都是造壳子去了。如果 C919是壳子的话，那y20 怕也一样是壳子吧
439,回复@似是故r人来:没时间生产 没必要研究 和不会生产差距还是很大的 这个没什么好洗的 可以不产但是要会 类似于这种造壳子宣传国产大飞机确实没啥意思
440,回复@耶鲁学者:千里之行始于足下，耶鲁学者
441,回复@耶鲁学者:面子工程？真的想打人
442,回复@kanglian421:是啊，随着技术改进国产也能造了而且比进口的便宜太多
443,我在一家外企，国内工厂刚刚投产的时候，部件都需要进口，工厂生产十年后，三分之二的部件实现了国产，生产的产品质量反而比进口的要好，所以加油，我们的飞机会越做越棒的
444,回复@编个昵称那么难吗:辩证法学的到位
445,回复@小粉蛆:没公知哪来的粉红，没境外势力刷水军哪来的所谓共青团网评员
446,我为我的祖国骄傲
447,鼓励加谦虚，中国一定行！
448,回复@用户3547825821:不过有人挑毛病对打飞机发展是好事情，不会懈怠，看得清差距。
449,最困难的是0到1，第一步走出来，而且总装集成是关键一步，可以说是飞跃。网上的喷子除了喷，啥也不懂。
450,人家空客波音都是满世界买零件，光大翼就是好几家公司好几个国家联合整出来的。你意思是要咱们一步超越人家发展了几十年的航空工业咯？
451,回复@矮的萌的我:贼稳
452,回复@帝国养鸡场主:不记得了一般是没有，天分东西坏了拆了安回去就当是自动修好了
453,心里搁好的人是不接受光明的，就是飞机引擎是国产的他也能找出喷的理由，这种人就离他远点就好。
454,回复@耶鲁学者:举报了
455,先完成再完善，做事情不都是这个套路吗？
456,回复@憮芯朲:我就在海科路99号，不用给我讲这卫星那卫星的事情。还有量子，暗物质呢。还专门给量子通信建了京沪干线呢。在这立个flag量子通信肯定被拆穿。
457,回复@耶鲁学者:呵呵，看你网名还耶鲁学者，结果却宛如一个zz，除了喷，还会什么？
458,就是，承认差距，认识水平，才能不断进步，好听的话让看热闹的人说去，自己能攒飞机了乐呵一下就得了
459,回复@溜达猫小兰:心疼你的智商，造飞机相当于凉拌菜，凉拌菜拌不拌都能吃，一个飞机零件还能飞，另外外卖是什么鬼？难道又买了一个飞机
460,回复@谷米-御剑江湖0912:如何把金属原材变成引擎就是核心技术。如果非要用做菜比喻我国在造飞机上能种菜，造飞机的原材我国都能生产，但是炒菜这块引擎是炒不出来的。现在是自己拌了几个凉菜（机翼，尾翼）又叫了一堆外卖，摆了一桌。这一桌就是这个飞机了。歼20的引擎目前也靠进口，这就直接被限制了
461,回复@用户3547825821:那都是一些汉奸走狗
462,因为无知，所以可以大言不惭的胡说八道。
463,很多人拿造飞机和组装电脑比……这要能一样，那随便哪个国家都能采购最好的设备拼一架飞机了，别傻了好不好
464,就一个这壳子，养了多少没必要存在的企业。
465,回复@云风飞杨-i:因为无知，所以可以大言不惭的在这里胡说八道。   
466,回复@云风飞杨-i:所以波音算哪国的？空客算哪国的？
467,回复@云风飞杨-i:然而苹果也用台积电的芯片，三星的屏幕，索尼的cmos和镜头组。
468,回复@一头鲁南土驴:导航卫星世界第三
469,回复@窝在被窝打麻将:一个飞机并不只是发动机啊。看看c919参与研制高校，那一长串名字，你就明白了。
470,回复@范云-:我看评论看的真是无语，我也想问到底是不是壳子？意思是想问有多少技术是中国自主研发的，看评论一个个这么敏感。说国家不好了？到底谁才是喷子啊？
471,回复@波浪理论达人:看到我只知道三个字，我就知道我辩不过你了。
472,回复@有德叔叔:太专业，我听不懂！ 我只知道飞机的核心部件是发动机！ 电视的核心部件是液晶屏，空调的核心部件是压缩机！核心部件没有外围再美也是废品！有了核心部件外围才能起作用！
473,回复@耶鲁学者:脑子是个好东西，希望你有
474,有进步就是一切努力的成果
475,回复@稀土部队脑残粉:nc
476,一个企业要想变强大就需要这些质疑的声音来激发。
477,慢慢来 相信5年 应该全部国产了
478,我打算买一架，多少钱？
479,回复@云风飞杨-i:开始都这样哦，清末民国都发现自己制造的枪质量不好，价格还贵，当时好多人都说造不如买，结果战争来了，那叫一个惨啊，开始都是代价大，都不会，等你学会了，总结了，不就好了么，第一步不走永远没人知道下一步，就像改革初，国家建筑队质量差，耗钱多，也有好多人骂，现在我们说基建第二谁敢说第一？
480,那个，我想请问，哪个国家的飞机，所有的零件都是国产？波音，空客，麦道，苏霍伊，米高杨，洛马，达索？有吗？
481,回复@肛门后援团:没有责任感认同感？让我帮别人吹牛就是有责任感？这些事情自有商飞去干，除了四大航，订单全来自各个银行下属租赁公司，还看不出来？为啥银行采购的比航空公司还多。然后你说我做间谍？和平时期吹的牛要用战争年代士兵的血来还，你们这样捧杀就是好的？我说了，连线材都要受制国外，再说一次最简单的线
482,为祖国点赞！为正视差距，砥砺前行的态度点赞！相信不久，我智慧的中国赶超国际先进！
483,回复@油爆枇杷伴着面:他只是暴露了属性.......可能他忘记了他是美爹派来的奸细
484,回复@Runway34L:他还说F35是中国最先进的战斗机都用的外国发动机。。。我楞了好几秒都不知道该如何开口。。
485,引擎是弱项 不过期待中国第一个自主研制的发动机！
486,回复@油爆枇杷伴着面:可以把他扔到绵阳风洞里 让发动机尾焰给他吹个造型就好了
487,回复@耶鲁学者:没用的废物装作耶鲁的学子，人从壳子直烂到心🙃 倘若看不起那就别再赖在生你的这片土地
488,直视不足，奋起直追！
489,回复@耶鲁学者:犬子忤逆，望诸君海涵！！
490,每一点进步都需要肯定。
491,回复@黎离罹璃狸:能进行919这样级别的系统集成世界上有英美法中日德俄巴  能进行运20级别系统总成的有英美法中俄 能进行大涵道比民发的就只有英美 这是长时间技术垄断壁垒所形成的
492,回复@似是故r人来:可是引擎是飞机的心脏，一架飞机最重要的就是引擎，引擎不是国产的的终究还是差太多，你要说数控或者某些零件是进口的还好，主要是引擎不是国产
493,已经是好飞机了
494,运10是不是全国产的？
495,回复@Runway34L:我是恢复他人的，他说无论军民都没有国产的。
496,回复@油爆枇杷伴着面:额 朋友 涡扇10 15 20都不是民用型号 民用型号还没出来 目前中国航发集团所公布的代号是(CJ)长江1000-A 以CIVIL和JET的缩写做代号
497,回复@稀土部队脑残粉:吃着祖国的饭说着祖国的坏话，养不出来的白眼狼。
498,照你们键盘侠大神的意思那就是说iPhone这种屏幕用三星，电源模块用高通，内存用东芝，摄像头用索尼，就连组装都找富士康代工的东西也是没有自主产权的垃圾咯
499,老奶奶过马路我都不扶，我就服中国这群键盘侠。
500,要个大飞机哪里有那么容易哪里那么容易
501,回复@耶鲁学者:虽然是壳子……但是一步一步来嘛……加油！都不要太偏激…正视差距……
502,回复@狐逸之:不仅仅是材料 而是整个一线制造业.....慢看来吧
503,回复@耶鲁学者:切～看到这么多人骂你我就安心了。说的好像你从受精卵长成人不是先长壳子似的。
504,不知道评论里一味地贬低再加冷嘲热讽的都是什么心理，中国正在日益强大难道不是事实吗？反正作为一个中国人我感到很自豪！莫非那些喷子不是中国人？
505,made  in  China
506,如果是面子工程，是组装而已，那为什么全世界现在加上中国也才4个国家能造大飞机？
0,回复@努力努力再努力x:
1,祝贺祝贺 ❤️ 开心 骄傲
2,伟大的时刻，伟大的祖国！
3,祝贺祝贺 开心 骄傲
4,回复@努力努力再努力x:爱你哥哥  国家很棒
5,回复@努力努力再努力x:想你，我回来了
6,我的国好厉害啊
7,为了感谢粉丝们对博主这么久的支持，我想免费给大家发一些福利。免费的哦，大家觉得什么 好呢、
8,重庆人民发来贺电！为祖国骄傲！！！
9,回复@努力努力再努力x:早点睡啊
10,没事翻一翻微薄@大玲子的滑板鞋
11,厉害了我的国
12,回复@努力努力再努力x:祝贺
13,回复@努力努力再努力x:祝贺祝贺
14,回复@努力努力再努力x:棒！
15,回复@努力努力再努力x:祝贺祝贺开心开心！！！！
16,回复@努力努力再努力x:骄傲
17,回复@努力努力再努力x:又辣么晚睡兄台
18,回复@努力努力再努力x:爱国的小骄傲
19,回复@努力努力再努力x:骄傲！
20,回复@努力努力再努力x:开心开心👏👏
21,回复@努力努力再努力x:咱自己的大飞机
22,今天，第二架国产大飞机C919试飞成功！
23,回复@努力努力再努力x:😂
24,中国走向自主富强的航空产业领头人，加油中国就
25,回复@努力努力再努力x:看新闻还能看到艺兴哥哥的评论 爱国boy无疑了
26,10月27日11时09分，C919大型客机第二架机从山东东营胜利机场起飞，历经2小时6分，平稳降落在江西南昌瑶湖机场，圆满完成转场飞行任务。
27,回复@努力努力再努力x:开心开心
28,祖国繁荣昌盛，厉害了我的国!
29,我为中国骄傲
30,回复@努力努力再努力x:开心
31,回复@努力努力再努力x:开心开心，老公
32,嗯，为我大阎良开心ヽ(○^㉨^)ﾉ♪❤️
33,回复@努力努力再努力x:哥真是大骄傲
34,回复@努力努力再努力x:在线捞兴
35,回复@努力努力再努力x:开心！
36,回复@努力努力再努力x:哈哈。傻艺兴
37,回复@我是马男阿:p
38,只有祖国母亲强大了，我们这些当儿女们的才能在世界挺起腰杆！
39,回复@努力努力再努力x:好喜欢你这个有正能量的明星。
40,噗我们航院的西餐厅叫   C919航空主题餐厅
41,回复@努力努力再努力x:开心😁
42,回复@努力努力再努力x:我家艺兴可以说是很根正苗红了
43,回复@努力努力再努力x:祝贺👏👏开心骄傲
44,回复@努力努力再努力x:这么正能量的明星，作为一个从不追星的人，都特别喜欢他。
45,国产大飞机也是我们的中国梦！科技的发展让未来的生活充满无限可能
46,
47,山东
48,回复@苏宝宝要控制寄几:嗯呢
49,@胖成球别吃了 你们公司吗
50,回复@努力努力再努力x:我们也为你骄傲
51,祝福
52,回复@努力努力再努力x:抓
53,回复@努力努力再努力x:哇塞
54,回复@努力努力再努力x:棒
55,国家强大了国人才会更好
56,东营人民喜悦！
57,回复@杨超越的土豪男友:河口报道
58,东营？？？？厉害我的家乡
59,回复@努力努力再努力x:啊啊啊 欢迎哥哥来我们大东营帝国哦
60,回复@努力努力再努力x:你也很让我们骄傲！
61,回复@努力努力再努力x:爱国兴
62,回复@努力努力再努力x:哥哥
63,回复@努力努力再努力x:艺兴的祝贺
64,回复@努力努力再努力x:祝贺！
65,优秀，我是中国人，我骄傲
66,希望早日看到国产超大型宽体机试飞
67,祝贺祝贺
68,回复@杨超越的土豪男友:东城报道哈哈哈!
69,回复@努力努力再努力x:小骄傲
70,回复@努力努力再努力x:诶诶我Wii问问i我i
71,真好
72,祝贺 
73,东营利津人民发来贺电！
74,回复@杨超越的土豪男友:终于在微博上看到一次我大东营了还是艺兴点赞的微博！
75,回复@努力努力再努力x:啥时候来南昌呀
76,回复@努力努力再努力x:哥哥。不要熬夜
77,回复@努力努力再努力x:厉害了我的南昌
78,回复@努力努力再努力x:开心骄傲 希望我国的大飞机继续上升！
79,国强大，我自豪
80,中国小骄傲💪 💪 💪
81,好自豪呀
82,南昌人民表示是骄傲！！！
83,回复@努力努力再努力x:捉住一只羊
84,回复@努力努力再努力x:加油加油
85,从我大东营转飞，厉害了，我的东营！
86,感到骄傲
87,张艺兴[超话]骄傲
88,回复@努力努力再努力x:是江西南昌诶 早睡啊晚安
89,是南昌啊
90,10月27日11时09分，C919大型客机第二架机从山东东营胜利机场起飞，历经2小时6分，平稳降落在江西南昌瑶湖机场，圆满完成转场飞行任务。祝贺，祝贺！
91,回复@努力努力再努力x:我家哥哥真的超级爱这个国家
92,回复@努力努力再努力x:哥都几点了还不睡
93,回复@努力努力再努力x:哥哥快找个女朋友
94,回复@努力努力再努力x:嗯
95,祝贺！
96,回复@努力努力再努力x:大骄傲
97,回复@努力努力再努力x:祝贺祝贺！
98,回复@努力努力再努力x:同感@努力努力再努力x
99,厉害了
100,要早点休息，注意身体啊//@努力努力再努力x:祝贺祝贺 ❤️ 开心 骄傲
101,回复@努力努力再努力x:啦啦
102,回复@努力努力再努力x:羊蹄子爱你哟
103,回复@努力努力再努力x:总在想不到的地方捉到羊
104,回复@努力努力再努力x:哈哈哈
105,回复@努力努力再努力x:能早点睡吗？
106,回复@努力努力再努力x:关心国家大事的根正苗红的好青年
107,回复@努力努力再努力x:抓到艺兴
108,回复@努力努力再努力x:爱国霸王龙！
109,回复@努力努力再努力x:小骄傲啊
110,回复@努力努力再努力x:南昌瑶湖!哇，我竟然是从你这儿知道的，怪不得最近听到轰隆隆的声音嘞
111,哇
112,祝贺//@努力努力再努力x:祝贺祝贺 ❤️ 开心 骄傲
113,回复@努力努力再努力x:抓到小可爱
114,回复@努力努力再努力x:为啥艺兴的评论每次都在我这里提醒呀？唯一一个关注的人里会这样
115,回复@努力努力再努力x:啊啊啊啊我那次这边的
116,回复@努力努力再努力x:你就大半夜不睡觉昂
117,回复@努力努力再努力x:祝贺祝贺 我的国
118,回复@努力努力再努力x:开心 骄傲
119,回复@努力努力再努力x:爱国的明星
120,回复@努力努力再努力x:开心～开心
121,回复@努力努力再努力x:嘻嘻
122,回复@努力努力再努力x:哼！
123,回复@努力努力再努力x:早点睡觉吧，每天起那么早还睡呢么晚
124,回复@努力努力再努力x:早点睡觉大哥
125,回复@12荒凡与梦:对头
126,回复@19-361:我知道啊，敲可爱
127,回复@12荒凡与梦:是小艺兴~
128,回复@19-361:你的头像好可爱
129,回复@努力努力再努力x:看来我以后要多关注关注人民日报，继承哥的社会主义核心价值观
130,回复@努力努力再努力x:爱你爱你
131,回复@努力努力再努力x:祝贺祝贺开心开心
132,厉害了，我的大南昌
133,中华崛起！
134,骄傲！
135,回复@努力努力再努力x:开心开心~
136,10月27日11时09分，C919大型客机第二架机从山东东营胜利机场起飞
137,回复@努力努力再努力x:哥哥吖，你真的是超级好的吖！下午刚起来就看见这条了，哥哥真的是超级爱国的呢！
138,回复@努力努力再努力x:祝贺🎊
139,南昌人..
140,回复@努力努力再努力x:祝贺祖国
141,第二架国产大飞机C919试飞成功！
142,竟然是通过老张的点赞才知道这条新闻我大东营牛逼//@努力努力再努力x：祝贺祝贺 ❤️ 开心 骄傲
143,回复@杨超越的土豪男友:东城的在这里
144,回复@努力努力再努力x:就是要多关注国家大事[加油]
145,回复@努力努力再努力x:爱国兴(⑉°з°)-♡
146,瑶湖机场，我这边
147,很少看到明星在官媒下留言，也很少看到年轻的明星经常关注国家的大事。张艺兴真的与众不同，喜欢上他真的是我的小确幸。
148,👏👏👏👏👏👏[加油][加油][加油][加油]
149,帅哥跳舞又厉害哪里找：张艺兴
150,回复@努力努力再努力x:哥哥早休息
151,回复@努力努力再努力x:萌
152,回复@努力努力再努力x:你才是长沙小骄傲呢
153,回复@努力努力再努力x:都是骄傲
154,回复@努力努力再努力x:艺兴
155,几年前弄了一批操作台我检验的
156,厉害
157,回复@努力努力再努力x:哈哈
158,回复@努力努力再努力x:想你
159,回复@努力努力再努力x:我也开心
160,回复@努力努力再努力x:每天早上起来有一天评论，我就知道又是艺兴评论别人家的。哼
161,回复@努力努力再努力x:我们艺兴哥哥心系祖国！
162,回复@努力努力再努力x:中国小骄傲
163,希望早日商用，翱翔于蓝天之上
164,回复@努力努力再努力x:艺兴呐，早点休息啊！
165,未来伟大的航天路
166,回复@努力努力再努力x:开心～
167,回复@努力努力再努力x:哥哥我来了 祝贺
168,为我祖国强大而骄傲//@努力努力再努力x:祝贺祝贺 ❤️ 开心 骄傲
169,出身在中国真好
170,回复@努力努力再努力x:看了你昨晚的动向，怎么说呢？坚持做好自己。一起
171,回复@努力努力再努力x:睡的太晚了
172,回复@努力努力再努力x:我就知道，这种事情肯定会有你的祝福
173,回复@努力努力再努力x:捕捉一直熬夜兴
174,回复@努力努力再努力x:大晚上不睡觉看国家大事   是我们大骄傲 没错
175,回复@-方仲文-:哈哈哈，东职＋1
176,回复@杨超越的土豪男友:东职路过
177,北京智敏科技发展有限公司作为一家业务涉及北京公检法消各分局甚至于海关总署等部委机构的公司，其为招投标不停地招新人却不给合同试用后以各种理由逼迫员工离职也不给上社保的行为虽然曾经遭到过部分人员的投诉，结果都无疾而终，所谓的“有法可依”只是摆设吗？难道失信企业知法犯法真的无人敢查吗？
178,回复@努力努力再努力x:张艺兴:跟着我一起念 脚踏实地谋发展 努力努力再努力
179,棒
180,回复@努力努力再努力x:爱国兴，大骄傲，你以为榜样
181,回复@努力努力再努力x:爱国敬业诚信友善
182,回复@努力努力再努力x:早啊。
183,回复@努力努力再努力x:祝贺祝贺开心😄
184,小骄傲大晚上不睡觉关注国家大事吗//@努力努力再努力x:祝贺祝贺 ❤️ 开心 骄傲
185,回复@努力努力再努力x:开心，骄傲
186,回复@努力努力再努力x:大骄傲呀
187,回复@努力努力再努力x:哥哥，睡觉
188,东营厉害
189,回复@努力努力再努力x:厉害了我的国，艺兴早点睡
190,回复@努力努力再努力x:也太晚不睡了吧
191,回复@努力努力再努力x:早点休息！
192,回复@lettylai哇:莽子一个
193,回复@我姐温柔贤惠又好看:应该是  没有什么能阻挡中国！ 你这句话真的让我觉得很乖
194,回复@努力努力再努力x:艺兴艺兴艺兴艺兴
195,回复@努力努力再努力x:我的家乡
196,回复@努力努力再努力x:我发现了什么不愧是艺兴，大半夜看新闻
197,回复@努力努力再努力x:哥哥  早点睡 晚安 好梦@努力努力再努力x
198,回复@努力努力再努力x:为我的国骄傲！艺兴真是好青年！
199,回复@努力努力再努力x:咩咩
200,回复@努力努力再努力x:陕西西安阎良人在此
201,啊啊啊，我是东营人！
202,宝贝哈哈哈才抓住//@努力努力再努力x:祝贺祝贺 ❤️ 开心 骄傲
203,回复@努力努力再努力x:是我们家爱国的骄傲
204,骄傲
205,回复@努力努力再努力x:开心 骄傲（为什么每天都休息这么晚呢？）
206,祝贺👏
207,回复@努力努力再努力x:喜欢熬夜的不是乖孩子
208,回复@努力努力再努力x:调皮
209,开心，骄傲
210,回复@努力努力再努力x:小骄傲大骄傲
211,陕西人民发来贺电
212,回复@努力努力再努力x:超级厉害！
213,宝贝你凌晨1点半了还不睡觉呀 //@努力努力再努力x:祝贺祝贺 ❤️ 开心 骄傲
214,回复@努力努力再努力x:捞哥哥
215,回复@努力努力再努力x:哥！！！
216,回复@努力努力再努力x:祝贺祝贺，骄傲骄傲
217,回复@努力努力再努力x:抓我哥
218,厉害厉害👍👍
219,回复@努力努力再努力x:正能量爱豆
220,回复@努力努力再努力x:祝贺❤️
221,捞你啊宝贝//@努力努力再努力x:祝贺祝贺 ❤️ 开心 骄傲
222,回复@努力努力再努力x:厉害啦我们国家
223,厉害了 我的“母亲”
224,回复@努力努力再努力x:呜呼呼
225,回复@努力努力再努力x:夜猫子
226,回复@萨迪克Sadiq5:然而各位黑子突然发现根本刚不过粉丝完全没有存在感，连骂的人都少了是不是很没成就啊
227,回复@沙雕营:你先座
228,回复@努力努力再努力x:我的老干部你真可爱！！
229,作为中国儿女 骄傲//@努力努力再努力x:祝贺祝贺 ❤️ 开心 骄傲
230,回复@努力努力再努力x:开心骄傲
231,赞~
232,开心
233,回复@努力努力再努力x:抓到一只爱国boy@努力努力再努力x
234,回复@努力努力再努力x:祝贺祝贺❤开心 骄傲
235,回复@努力努力再努力x:开心骄傲祝贺祝贺
236,回复@努力努力再努力x:兴兴想你
237,回复@杨超越的土豪男友:广饶
238,祖国在我心中，为祖国骄傲。
239,回复@努力努力再努力x:厉害了我的国。要和艺兴一样关心国家大事，做理所能及的事，小事也能有作用。
240,回复@努力努力再努力x:自豪
241,好骄傲
242,回复@努力努力再努力x:开心！骄傲
243,广西人民发来贺电。祝祖国永远繁华昌盛！！！我的祖国我的骄傲！
244,厉害了我的国怀有爱国兴//@努力努力再努力x:祝贺祝贺 ❤️ 开心 骄傲
245,回复@努力努力再努力x:心系国家的大骄傲@努力努力再努力x
246,回复@努力努力再努力x:开心  骄傲
247,回复@努力努力再努力x:小宝贝记得早点休息哈
248,//@努力努力再努力x:祝贺祝贺 ❤️ 开心 骄傲
249,回复@努力努力再努力x:祝贺 我的国
250,回复@努力努力再努力x:小宝贝快休息吧
251,回复@努力努力再努力x:祝贺🎉
252,回复@努力努力再努力x:捉哥哥
253,开心 骄傲
254,回复@沙雕营:有的人真是够了，还没飞呢就盼着掉。也没人逼着你坐啊！有本事火车高铁一样也不要坐。
255,我们要用国内市场养活自己的航空产业。
256,江西南昌，涨脸了，厉害了，我的国
257,//@LangueDeSerpent_张艺兴气息站: 祝贺//@努力努力再努力x：祝贺祝贺 ❤️ 开心 骄傲
258,回复@努力努力再努力x:看见你我也开心骄傲啊🙈向哥看齐♡
259,回复@努力努力再努力x:棒棒哒
260,转发微博
261,回复@努力努力再努力x:宝贝早点休息吧
262,爱国大骄傲
263,回复@努力努力再努力x:抓住你
264,回复@努力努力再努力x:祝贺祝贺 ❤️ 开心 骄傲
265,祝贺祝贺 开心开心
266,回复@努力努力再努力x:赶紧去睡觉吧，张先生！
267,回复@努力努力再努力x:👏👏👏
268,祝贺
269,威武了中国[加油]
270,为我的祖国骄傲！！！
271,回复@努力努力再努力x:捕捉
272,回复@努力努力再努力x:哥哥啊，你不困吗？天天熬夜？？
273,回复@努力努力再努力x:等一个答案～
274,回复@努力努力再努力x:？？？张艺兴你咋这么晚睡
275,这就是艺兴一直想要大飞机的理由
276,回复@努力努力再努力x:祝贺！！！
277,回复@努力努力再努力x:瑶湖机场诶~我的大学
278,为我国骄傲
279,天津人民发来贺电👏👏
280,回复@努力努力再努力x:捞捞宝贝
281,回复@努力努力再努力x:嗯嗯嗯
282,回复@努力努力再努力x:捉到一个大半夜不睡觉关心国家大事的我爱豆
283,伟大
284,回复@努力努力再努力x:namanana开心开心
285,回复@努力努力再努力x:祝贺 伟大
286,回复@努力努力再努力x:哇哇哇
287,回复@努力努力再努力x:开心开心，大飞机降落咱们江西南昌瑶湖机场。艺兴点赞评论了，四舍五入的等同艺兴翻牌了我这个江西小兴迷的牌吧。
288,回复@努力努力再努力x:捞我们哥哥
289,在天津上学的山东人民发来贺电，骄傲
290,回复@努力努力再努力x:啊爱你
291,回复@努力努力再努力x:😘
292,回复@努力努力再努力x:为祖国骄傲
293,回复@努力努力再努力x:早早睡觉
294,我的国家，依然是五岳向上。一切江河依然是滚滚向东，民族的意志永远向前。//@努力努力再努力x：祝贺祝贺 ❤️ 开心 骄傲
295,南昌人自豪啊
296,回复@努力努力再努力x:啊啊啊南昌!!!我居然不知道!!!，谢谢关注国家大事的哥哥 谢谢你的提醒!!!吧唧
297,回复@努力努力再努力x:!!!OMG南昌!!!
298,我不敢坐
299,回复@努力努力再努力x:湖南发来贺电
300,回复@努力努力再努力x:您那么晚不睡觉
301,回复@努力努力再努力x:嗯骄傲！
302,厉害了我的国 继港珠澳大桥后又一喜讯❤️
303,回复@努力努力再努力x:这个新闻里看到了！！！
304,回复@努力努力再努力x:这么晚还在看微博呢～
